Symbol,Date,Open,High,Low,Close,Volume
AAB.TO,10 Apr 2017,0.14,0.14,0.13,0.13,149682
AAR.UN.TO,10 Apr 2017,6.21,6.22,6.16,6.2,451234
AAV.TO,10 Apr 2017,8.99,9.09,8.99,9.04,670459
ABK.A.TO,10 Apr 2017,69.99,69.99,69.99,69.99,0
ABK.PR.C.TO,10 Apr 2017,32.15,32.15,32.15,32.15,0
ABT.TO,10 Apr 2017,7.5,7.55,7.4,7.53,15852
ABX.TO,10 Apr 2017,25.49,26.04,25.24,25.99,2645508
AC.TO,10 Apr 2017,13.16,13.38,13.15,13.24,703143
ACD.TO,10 Apr 2017,9,9,9,9,515
ACO.X.TO,10 Apr 2017,50.56,51.04,50.43,50.9,98434
ACO.Y.TO,10 Apr 2017,50.88,50.88,50.88,50.88,0
ACQ.TO,10 Apr 2017,22.2,22.85,22.14,22.79,69788
ACR.UN.TO,10 Apr 2017,11.67,11.75,11.55,11.6,20047
ACZ.UN.TO,10 Apr 2017,11.05,11.05,11.05,11.05,5000
AD.TO,10 Apr 2017,22.27,22.69,22.27,22.47,81776
ADC.UN.TO,10 Apr 2017,6.88,6.88,6.88,6.88,600
ADN.TO,10 Apr 2017,18.51,18.9,18.51,18.9,20278
ADW.A.TO,10 Apr 2017,11,11.23,10.9,11.23,16999
ADW.B.TO,10 Apr 2017,11.11,11.11,11.11,11.11,0
AEF.TO,10 Apr 2017,9.01,9.01,8.85,8.9,16038
AEF.WT.TO,10 Apr 2017,1.05,1.05,0.9,1,67859
AEM.TO,10 Apr 2017,59.44,60.36,58.65,60.36,387159
AEZS.TO,10 Apr 2017,4,4.01,3.93,3.93,2393
AF.TO,10 Apr 2017,10.67,10.67,10.67,10.67,0
AFN.TO,10 Apr 2017,53.21,53.39,52.99,53.01,17247
AFN.DB.A.TO,10 Apr 2017,106.98,106.98,106.3,106.98,13000
AFN.DB.B.TO,10 Apr 2017,104.01,104.01,104,104,11000
AFN.DB.C.TO,10 Apr 2017,107,107,107,107,15000
AGF.B.TO,10 Apr 2017,6.23,6.3,6.23,6.29,514206
AGI.TO,10 Apr 2017,10.75,10.89,10.58,10.74,557802
AGI.WT.TO,10 Apr 2017,0.29,0.29,0.29,0.29,1011
AGI.WT.A.TO,10 Apr 2017,3.29,3.3,3.2,3.2,3738
AGT.TO,10 Apr 2017,29.13,29.49,29.09,29.12,59903
AGU.TO,10 Apr 2017,125.7,125.77,124.75,125.13,236035
AHY.UN.TO,10 Apr 2017,7.54,7.54,7.5,7.5,4800
AI.TO,10 Apr 2017,12.14,12.37,12.13,12.13,26777
AI.DB.TO,10 Apr 2017,101,101,101,101,24000
AI.DB.A.TO,10 Apr 2017,101.31,102,101.3,101.32,34000
AIF.TO,10 Apr 2017,30.06,30.3,29.9,30.03,56072
AIM.TO,10 Apr 2017,9.12,9.13,8.99,9.1,151255
AIM.PR.A.TO,10 Apr 2017,15.05,15.38,15.03,15.38,2646
AIM.PR.B.TO,10 Apr 2017,14.19,14.22,14.19,14.21,2300
AIM.PR.C.TO,10 Apr 2017,17.82,17.9,17.8,17.88,9359
AJX.TO,10 Apr 2017,0.57,0.58,0.57,0.58,2829
AKG.TO,10 Apr 2017,3.5,3.6,3.43,3.55,635595
AKT.A.TO,10 Apr 2017,9,9.14,8.72,8.72,5540
AKT.B.TO,10 Apr 2017,8.91,8.91,8.91,8.91,200
ALA.TO,10 Apr 2017,30.99,31.21,30.9,31.12,500827
ALA.PR.A.TO,10 Apr 2017,20.55,20.66,20.55,20.59,5700
ALA.PR.B.TO,10 Apr 2017,19.68,19.75,19.68,19.75,3707
ALA.PR.E.TO,10 Apr 2017,24.15,24.24,24.15,24.24,7520
ALA.PR.G.TO,10 Apr 2017,23.19,23.19,23.07,23.09,91950
ALA.PR.I.TO,10 Apr 2017,26.01,26.22,26.01,26.15,22900
ALA.PR.K.TO,10 Apr 2017,25.96,26.1,25.91,25.91,7379
ALA.PR.U.TO,10 Apr 2017,24.8,24.95,24.8,24.83,6779
ALA.R.TO,10 Apr 2017,30.24,30.43,30.05,30.31,105540
ALB.TO,10 Apr 2017,25,25,25,25,0
ALB.PR.C.TO,10 Apr 2017,27.6,27.6,26.99,27,2549
ALC.TO,10 Apr 2017,13,13,12.9,12.95,1900
ALS.TO,10 Apr 2017,12.35,12.35,12.21,12.28,17956
AMI.TO,10 Apr 2017,1.13,1.14,1.12,1.13,59861
AMM.TO,10 Apr 2017,1.68,1.7,1.64,1.69,35500
ANX.TO,10 Apr 2017,0.08,0.08,0.08,0.08,54000
AOG.UN.TO,10 Apr 2017,2.85,2.85,2.85,2.85,0
AOI.TO,10 Apr 2017,2.29,2.29,2.25,2.28,95990
AP.UN.TO,10 Apr 2017,37.35,37.66,37.17,37.42,93519
APH.TO,10 Apr 2017,8,8.5,7.99,8.39,5041582
APR.UN.TO,10 Apr 2017,11.19,11.22,11.18,11.2,22539
APS.TO,10 Apr 2017,1.34,1.34,1.3,1.33,15046
APY.TO,10 Apr 2017,2,2,2,2,0
AQA.TO,10 Apr 2017,0.3,0.31,0.29,0.29,110166
AQN.TO,10 Apr 2017,12.8,12.94,12.72,12.91,593472
AQN.PR.A.TO,10 Apr 2017,22.32,22.32,22.01,22.05,5619
AQN.PR.D.TO,10 Apr 2017,24.13,24.13,24,24.03,2100
AR.TO,10 Apr 2017,2.33,2.44,2.32,2.39,671732
ARE.TO,10 Apr 2017,17.14,17.23,17.09,17.18,63973
ARE.DB.B.TO,10 Apr 2017,104.86,105.64,104.5,105.64,64000
ARG.TO,10 Apr 2017,0.7,0.7,0.67,0.67,66208
ARX.TO,10 Apr 2017,18.78,19.02,18.76,18.87,794904
ARZ.TO,10 Apr 2017,2.16,2.5,2.16,2.48,92208
ASO.TO,10 Apr 2017,0.04,0.04,0.04,0.04,22000
ASP.TO,10 Apr 2017,0.12,0.13,0.12,0.13,116841
ASR.TO,10 Apr 2017,2.62,2.71,2.62,2.71,445581
ATA.TO,10 Apr 2017,13.23,13.25,12.91,13.02,82460
ATD.A.TO,10 Apr 2017,62.53,63.54,62.53,62.95,2381
ATD.B.TO,10 Apr 2017,60.9,61.08,60.75,60.94,444479
ATH.TO,10 Apr 2017,1.51,1.57,1.48,1.56,1320204
ATL.TO,10 Apr 2017,0.07,0.07,0.07,0.07,0
ATP.TO,10 Apr 2017,3.61,3.61,3.57,3.59,43580
ATP.DB.D.TO,10 Apr 2017,100.75,100.99,100.75,100.99,49000
ATP.DB.U.TO,10 Apr 2017,100.15,100.15,100.15,100.15,3000
ATZ.TO,10 Apr 2017,15.07,15.17,14.98,15.09,62182
AUG.TO,10 Apr 2017,3.21,3.22,3.1,3.15,65950
AUI.UN.TO,10 Apr 2017,11.34,11.35,11.33,11.33,6273
AUMN.TO,10 Apr 2017,0.78,0.78,0.74,0.78,24469
AUP.TO,10 Apr 2017,9.4,9.65,9.13,9.32,155682
AV.UN.TO,10 Apr 2017,10.53,10.53,10.53,10.53,0
AVL.TO,10 Apr 2017,0.16,0.17,0.16,0.16,62520
AVO.TO,10 Apr 2017,15.7,15.85,15.65,15.75,31257
AVP.TO,10 Apr 2017,0.08,0.08,0.07,0.07,129500
AW.UN.TO,10 Apr 2017,39.3,39.64,39.25,39.64,10255
AX.PR.A.TO,10 Apr 2017,22.19,22.19,22.19,22.19,1500
AX.PR.E.TO,10 Apr 2017,19.9,19.9,19.89,19.9,1900
AX.PR.G.TO,10 Apr 2017,20,20.03,20,20,2400
AX.PR.U.TO,10 Apr 2017,24.46,24.46,24.35,24.35,1023
AX.UN.TO,10 Apr 2017,13.45,13.45,13.31,13.41,241333
AXR.TO,10 Apr 2017,2.02,2.08,2.01,2.02,28186
AXY.TO,10 Apr 2017,4.75,4.84,4.7,4.73,33530
AYM.TO,10 Apr 2017,2.1,2.1,2.1,2.1,254
AZ.TO,10 Apr 2017,2.21,2.25,2.14,2.17,544641
AZP.PR.A.TO,10 Apr 2017,15.16,15.18,15.14,15.15,3200
AZP.PR.B.TO,10 Apr 2017,19.25,19.25,19.16,19.16,600
AZP.PR.C.TO,10 Apr 2017,17.74,17.75,17.74,17.75,5000
AZZ.TO,10 Apr 2017,0.35,0.35,0.35,0.35,38300
BAD.TO,10 Apr 2017,35.29,36.06,35.25,35.89,158191
BAM.A.TO,10 Apr 2017,49.25,49.57,49.04,49.34,609803
BAM.PF.A.TO,10 Apr 2017,24.38,24.61,24.25,24.36,19350
BAM.PF.B.TO,10 Apr 2017,23.09,23.3,23.01,23.23,6401
BAM.PF.C.TO,10 Apr 2017,23.37,23.45,23.35,23.45,10300
BAM.PF.D.TO,10 Apr 2017,23.93,23.95,23.87,23.95,3200
BAM.PF.E.TO,10 Apr 2017,23.09,23.24,23.04,23.24,3000
BAM.PF.F.TO,10 Apr 2017,24.49,24.74,24.49,24.73,6400
BAM.PF.G.TO,10 Apr 2017,24.48,24.69,24.48,24.65,11849
BAM.PF.H.TO,10 Apr 2017,26.93,26.94,26.81,26.87,29400
BAM.PF.I.TO,10 Apr 2017,26.18,26.19,26.11,26.11,27936
BAM.PR.B.TO,10 Apr 2017,13.18,13.38,13.13,13.25,3456
BAM.PR.C.TO,10 Apr 2017,13.2,13.21,13.2,13.21,500
BAM.PR.E.TO,10 Apr 2017,17.36,17.36,17.35,17.35,950
BAM.PR.G.TO,10 Apr 2017,16.5,16.5,16.5,16.5,120
BAM.PR.K.TO,10 Apr 2017,13.24,13.28,13.2,13.2,18200
BAM.PR.M.TO,10 Apr 2017,23.2,23.3,23.2,23.28,10743
BAM.PR.N.TO,10 Apr 2017,23.15,23.29,23.15,23.28,9200
BAM.PR.R.TO,10 Apr 2017,20.1,20.51,20.1,20.51,8843
BAM.PR.S.TO,10 Apr 2017,19.13,19.13,19.13,19.13,0
BAM.PR.T.TO,10 Apr 2017,20.19,20.37,20.19,20.35,12055
BAM.PR.X.TO,10 Apr 2017,17.45,17.68,17.45,17.51,106979
BAM.PR.Z.TO,10 Apr 2017,24.3,24.5,24.3,24.4,7250
BANK.TO,10 Apr 2017,19.8,19.8,19.8,19.8,500
BAR.TO,10 Apr 2017,0.77,0.79,0.75,0.79,126131
BB.TO,10 Apr 2017,10.49,10.52,10.29,10.3,769932
BBD.A.TO,10 Apr 2017,2.24,2.34,2.19,2.28,225248
BBD.B.TO,10 Apr 2017,2.13,2.24,2.12,2.22,7148679
BBD.PR.B.TO,10 Apr 2017,9.08,9.24,9.08,9.15,6434
BBD.PR.C.TO,10 Apr 2017,18.53,18.68,18.53,18.65,16508
BBD.PR.D.TO,10 Apr 2017,9.45,9.5,9.45,9.5,750
BBL.A.TO,10 Apr 2017,9,9,9,9,1500
BBU.UN.TO,10 Apr 2017,32.53,32.99,32.3,32.7,28620
BCB.TO,10 Apr 2017,16.45,16.89,16.42,16.85,152789
BCE.TO,10 Apr 2017,60.33,60.59,60.05,60.41,1316137
BCE.PR.A.TO,10 Apr 2017,17.42,17.64,17.42,17.53,4200
BCE.PR.B.TO,10 Apr 2017,17.2,17.39,17.2,17.39,2125
BCE.PR.C.TO,10 Apr 2017,17.79,18.1,17.69,18.01,3900
BCE.PR.D.TO,10 Apr 2017,17.27,17.59,17.27,17.4,9000
BCE.PR.E.TO,10 Apr 2017,17.32,17.5,17.32,17.43,1100
BCE.PR.F.TO,10 Apr 2017,17.37,17.55,17.37,17.5,3700
BCE.PR.G.TO,10 Apr 2017,16.88,17.01,16.86,16.95,5000
BCE.PR.H.TO,10 Apr 2017,17.25,17.44,17.25,17.36,12000
BCE.PR.I.TO,10 Apr 2017,16.68,16.89,16.66,16.86,7359
BCE.PR.J.TO,10 Apr 2017,17.22,17.35,17.22,17.35,976
BCE.PR.K.TO,10 Apr 2017,18.01,18.01,17.83,17.9,27135
BCE.PR.L.TO,10 Apr 2017,18,18,18,18,0
BCE.PR.M.TO,10 Apr 2017,18.07,18.15,18.07,18.15,16800
BCE.PR.N.TO,10 Apr 2017,17.4,17.4,17.4,17.4,100
BCE.PR.O.TO,10 Apr 2017,24.31,24.48,24.26,24.35,7500
BCE.PR.Q.TO,10 Apr 2017,23.08,23.33,23.08,23.19,10463
BCE.PR.R.TO,10 Apr 2017,19.7,19.7,19.69,19.7,4000
BCE.PR.S.TO,10 Apr 2017,17.32,17.44,17.32,17.39,737
BCE.PR.T.TO,10 Apr 2017,17.13,17.34,17.13,17.34,4500
BCE.PR.Y.TO,10 Apr 2017,17.37,17.46,17.34,17.42,3590
BCE.PR.Z.TO,10 Apr 2017,17.49,17.56,17.49,17.56,3116
BCI.TO,10 Apr 2017,27.51,28,27.51,27.52,700
BDI.TO,10 Apr 2017,4.05,4.18,4.05,4.07,268439
BDT.TO,10 Apr 2017,10.64,10.68,10.37,10.42,71209
BEI.UN.TO,10 Apr 2017,48.44,48.93,48.16,48.77,78322
BEK.B.TO,10 Apr 2017,15.77,15.77,15.77,15.77,0
BEP.PR.E.TO,10 Apr 2017,24,24.31,24,24.25,3936
BEP.PR.G.TO,10 Apr 2017,26.24,26.35,26.21,26.35,5000
BEP.PR.I.TO,10 Apr 2017,26.4,26.48,26.38,26.48,11080
BEP.PR.K.TO,10 Apr 2017,25.06,25.14,25.06,25.14,87299
BEP.UN.TO,10 Apr 2017,40.5,40.91,40.35,40.79,86719
BGI.UN.TO,10 Apr 2017,7.33,7.36,7.21,7.32,43825
BIG.D.TO,10 Apr 2017,15.49,15.49,15.49,15.49,0
BIG.PR.D.TO,10 Apr 2017,10.6,10.6,10.6,10.6,0
BIP.PR.A.TO,10 Apr 2017,24.25,24.6,24.25,24.45,4200
BIP.PR.B.TO,10 Apr 2017,26.21,26.3,26.21,26.28,1630
BIP.PR.C.TO,10 Apr 2017,26.02,26.1,25.91,26.08,13400
BIP.PR.D.TO,10 Apr 2017,25.3,25.3,25.25,25.25,26122
BIP.UN.TO,10 Apr 2017,51,51.33,50.84,51.15,184881
BIR.TO,10 Apr 2017,7.98,7.98,7.82,7.87,561310
BIR.PR.A.TO,10 Apr 2017,25.5,25.5,25.5,25.5,900
BIR.PR.C.TO,10 Apr 2017,25.3,25.65,25.3,25.65,600
BK.TO,10 Apr 2017,12.78,12.85,12.73,12.73,12144
BK.PR.A.TO,10 Apr 2017,10.39,10.4,10.36,10.36,590
BKI.TO,10 Apr 2017,0.12,0.12,0.11,0.11,306000
BKL.F.TO,10 Apr 2017,19.22,19.22,19.22,19.22,2662
BKX.TO,10 Apr 2017,0.27,0.28,0.26,0.27,45904
BLB.UN.TO,10 Apr 2017,10.41,10.41,10.4,10.4,900
BLDP.TO,10 Apr 2017,3.45,3.71,3.45,3.67,562472
BLU.TO,10 Apr 2017,0.26,0.28,0.26,0.27,15412
BLX.TO,10 Apr 2017,21.4,21.45,21.18,21.43,156346
BLX.DB.A.TO,10 Apr 2017,118.25,119,117.95,119,53000
BMO.TO,10 Apr 2017,100.08,100.41,99.57,99.91,780910
BMO.PR.A.TO,10 Apr 2017,20.86,20.86,20.86,20.86,0
BMO.PR.B.TO,10 Apr 2017,26.54,26.6,26.52,26.53,23608
BMO.PR.C.TO,10 Apr 2017,25.72,25.74,25.66,25.71,80110
BMO.PR.M.TO,10 Apr 2017,24.93,24.97,24.9,24.94,3700
BMO.PR.Q.TO,10 Apr 2017,21.91,22,21.87,22,13300
BMO.PR.R.TO,10 Apr 2017,24,24.14,23.99,24.14,1375
BMO.PR.S.TO,10 Apr 2017,23.1,23.15,23.08,23.12,22883
BMO.PR.T.TO,10 Apr 2017,22.45,22.5,22.38,22.46,116800
BMO.PR.W.TO,10 Apr 2017,22.54,22.61,22.51,22.59,10100
BMO.PR.Y.TO,10 Apr 2017,24.27,24.27,24.11,24.13,5800
BMO.PR.Z.TO,10 Apr 2017,26.09,26.1,26,26,2100
BNC.TO,10 Apr 2017,22.39,22.39,22.39,22.39,1010
BND.TO,10 Apr 2017,20.14,20.14,20.14,20.14,0
BNE.TO,10 Apr 2017,22.99,23.39,22.78,23.19,55547
BNG.TO,10 Apr 2017,0.17,0.17,0.15,0.16,88999
BNP.TO,10 Apr 2017,3.36,3.51,3.34,3.51,1449465
BNS.TO,10 Apr 2017,77.89,78.13,77.53,77.68,2070084
BNS.PR.A.TO,10 Apr 2017,24.54,24.57,24.45,24.57,1707
BNS.PR.B.TO,10 Apr 2017,24.18,24.18,24.16,24.18,5900
BNS.PR.C.TO,10 Apr 2017,24.09,24.2,24.09,24.2,2551
BNS.PR.D.TO,10 Apr 2017,21.99,21.99,21.78,21.78,2657
BNS.PR.E.TO,10 Apr 2017,27.36,27.4,27.33,27.33,3220
BNS.PR.F.TO,10 Apr 2017,21.97,21.97,21.86,21.87,700
BNS.PR.G.TO,10 Apr 2017,27.33,27.38,27.32,27.37,12700
BNS.PR.H.TO,10 Apr 2017,26.35,26.43,26.34,26.4,6450
BNS.PR.P.TO,10 Apr 2017,25.03,25.03,25.02,25.02,5200
BNS.PR.Q.TO,10 Apr 2017,24.89,25,24.89,25,6600
BNS.PR.R.TO,10 Apr 2017,24.94,24.98,24.94,24.96,5100
BNS.PR.Y.TO,10 Apr 2017,22.64,22.65,22.51,22.61,12100
BNS.PR.Z.TO,10 Apr 2017,22.53,22.58,22.48,22.58,9037
BOS.TO,10 Apr 2017,11.95,12.14,11.93,12.12,38222
BOY.TO,10 Apr 2017,0.46,0.46,0.46,0.46,1000
BOY.DB.A.TO,10 Apr 2017,98,98,95.3,95.3,14000
BPF.UN.TO,10 Apr 2017,22.86,23.09,22.79,23.04,138485
BPO.PR.A.TO,10 Apr 2017,23.08,23.31,23.08,23.28,6600
BPO.PR.C.TO,10 Apr 2017,27.24,27.35,27.24,27.35,2610
BPO.PR.E.TO,10 Apr 2017,25.49,25.72,25.49,25.5,21216
BPO.PR.N.TO,10 Apr 2017,20.95,21.25,20.95,20.95,22234
BPO.PR.P.TO,10 Apr 2017,21.4,21.55,21.34,21.41,20980
BPO.PR.R.TO,10 Apr 2017,23.12,23.3,23.12,23.18,7400
BPO.PR.S.TO,10 Apr 2017,21.8,21.8,21.8,21.8,0
BPO.PR.T.TO,10 Apr 2017,22.43,23.08,22.43,22.9,16200
BPO.PR.W.TO,10 Apr 2017,11.4,11.4,11.4,11.4,419
BPO.PR.X.TO,10 Apr 2017,10.95,11.1,10.95,11.1,400
BPO.PR.Y.TO,10 Apr 2017,11.25,11.25,11.25,11.25,0
BPS.PR.A.TO,10 Apr 2017,25.21,25.21,25.21,25.21,0
BPS.PR.B.TO,10 Apr 2017,25.15,25.15,25.15,25.15,0
BPS.PR.C.TO,10 Apr 2017,25.25,25.25,25.25,25.25,200
BPS.PR.U.TO,10 Apr 2017,25.3,25.3,25.3,25.3,0
BPY.UN.TO,10 Apr 2017,29.65,29.76,29.59,29.61,192063
BR.TO,10 Apr 2017,6.3,6.57,6.3,6.46,4177
BRB.TO,10 Apr 2017,3.1,3.13,3.1,3.13,8430
BRE.TO,10 Apr 2017,16.24,16.3,16.1,16.2,18774
BRF.PR.A.TO,10 Apr 2017,20.2,20.4,20.05,20.2,11174
BRF.PR.B.TO,10 Apr 2017,19.33,19.6,19.33,19.6,2865
BRF.PR.C.TO,10 Apr 2017,22.83,23,22.83,22.99,2400
BRF.PR.E.TO,10 Apr 2017,22.87,22.99,22.87,22.99,4845
BRF.PR.F.TO,10 Apr 2017,22.79,23,22.79,23,4170
BRIO.TO,10 Apr 2017,3.29,3.29,3.29,3.29,181
BRY.TO,10 Apr 2017,0.48,0.5,0.47,0.47,7019
BSC.TO,10 Apr 2017,23.85,23.85,23.85,23.85,0
BSC.PR.C.TO,10 Apr 2017,20,20,20,20,0
BSD.PR.A.TO,10 Apr 2017,10.03,10.03,10.03,10.03,0
BSD.UN.TO,10 Apr 2017,1.35,1.35,1.35,1.35,0
BSE.UN.TO,10 Apr 2017,4.73,4.73,4.73,4.73,0
BSO.UN.TO,10 Apr 2017,5.74,5.75,5.73,5.74,14400
BSX.TO,10 Apr 2017,0.84,0.85,0.84,0.84,37267
BTB.DB.E.TO,10 Apr 2017,104,104,104,104,8000
BTB.DB.F.TO,10 Apr 2017,103.22,103.22,103.22,103.22,0
BTB.UN.TO,10 Apr 2017,4.76,4.8,4.74,4.75,58460
BTE.TO,10 Apr 2017,4.65,4.78,4.61,4.75,3305180
BTO.TO,10 Apr 2017,3.65,3.75,3.63,3.7,3026596
BU.TO,10 Apr 2017,2.01,2.03,2.01,2.02,2900
BUA.UN.TO,10 Apr 2017,8.34,8.34,8.34,8.34,100
BUI.TO,10 Apr 2017,4.6,4.6,4.6,4.6,0
BXE.TO,10 Apr 2017,1.05,1.08,1.04,1.08,1444006
BXE.DB.TO,10 Apr 2017,101.25,101.25,101.25,101.25,0
BXF.TO,10 Apr 2017,10.22,10.23,10.22,10.23,3115
BXS.DB.C.TO,10 Apr 2017,100,100,100,100,0
BYD.UN.TO,10 Apr 2017,83.93,84.33,83.25,84.33,17027
BYL.TO,10 Apr 2017,2.1,2.1,2.09,2.1,18850
CAE.TO,10 Apr 2017,20.32,20.45,20.24,20.36,216737
CAL.TO,10 Apr 2017,1.94,1.95,1.88,1.88,241400
CAN.TO,10 Apr 2017,9.7,9.7,9.7,9.7,300
CAR.UN.TO,10 Apr 2017,33.64,33.78,33.49,33.71,190545
CARA.TO,10 Apr 2017,26.52,26.75,26.38,26.67,13303
CAS.TO,10 Apr 2017,15.53,15.64,15.42,15.46,275001
CBD.TO,10 Apr 2017,22.18,22.24,22.17,22.2,4370
CBD.A.TO,10 Apr 2017,22.07,22.07,22.07,22.07,0
CBH.TO,10 Apr 2017,19.5,19.51,19.47,19.5,2739
CBL.TO,10 Apr 2017,17.9,17.97,17.82,17.82,21738
CBN.TO,10 Apr 2017,20.21,20.21,20.09,20.1,2581
CBN.A.TO,10 Apr 2017,20.34,20.34,20.34,20.34,0
CBO.TO,10 Apr 2017,18.98,18.99,18.98,18.99,59348
CBO.A.TO,10 Apr 2017,18.92,18.92,18.92,18.92,0
CBT.UN.TO,10 Apr 2017,9.99,9.99,9.99,9.99,0
CCA.TO,10 Apr 2017,74,75.18,73.67,74.79,70192
CCI.UN.TO,10 Apr 2017,5.85,5.93,5.85,5.9,14300
CCL.A.TO,10 Apr 2017,57.9,57.9,57.9,57.9,0
CCL.B.TO,10 Apr 2017,57.564,58.02,57.484,57.898,26150
CCM.TO,10 Apr 2017,0.11,0.11,0.1,0.1,177199
CCO.TO,10 Apr 2017,14.99,15.65,14.94,15.47,1311598
CCS.PR.C.TO,10 Apr 2017,24.22,24.29,24.2,24.29,1200
CCX.TO,10 Apr 2017,8.97,8.99,8.97,8.99,20783
CCZ.TO,10 Apr 2017,0.15,0.15,0.15,0.15,2000
CDD.UN.TO,10 Apr 2017,6.75,6.75,6.75,6.75,0
CDH.TO,10 Apr 2017,0.44,0.45,0.44,0.45,80150
CDZ.TO,10 Apr 2017,27.29,27.44,27.28,27.39,38001
CDZ.A.TO,10 Apr 2017,27.12,27.12,27.12,27.12,130
CED.TO,10 Apr 2017,20.79,20.91,20.79,20.91,3100
CEE.TO,10 Apr 2017,2.97,2.98,2.95,2.96,51701
CEF.A.TO,10 Apr 2017,17.05,17.14,17.02,17.06,35255
CEF.U.TO,10 Apr 2017,12.73,12.73,12.73,12.73,0
CERV.TO,10 Apr 2017,11.9,12.05,11.9,12,24486
CES.TO,10 Apr 2017,21.88,21.88,21.88,21.88,0
CES.B.TO,10 Apr 2017,24.58,24.58,24.58,24.58,0
CET.TO,10 Apr 2017,1.09,1.11,1.06,1.06,97996
CEU.TO,10 Apr 2017,7.18,7.57,7.18,7.51,1741550
CEW.TO,10 Apr 2017,12.29,12.34,12.28,12.29,18319
CEW.A.TO,10 Apr 2017,9.12,9.12,9.12,9.12,1250
CF.TO,10 Apr 2017,4.8,4.89,4.8,4.86,49504
CF.PR.A.TO,10 Apr 2017,14.52,14.52,14.32,14.32,4000
CF.PR.C.TO,10 Apr 2017,17.95,17.95,17.84,17.84,829
CFF.TO,10 Apr 2017,3.2,3.23,3.07,3.2,83142
CFP.TO,10 Apr 2017,18.96,19.26,18.95,19.13,262283
CFW.TO,10 Apr 2017,3.95,4.06,3.9,4.03,652491
CFX.TO,10 Apr 2017,12.4,12.6,12.24,12.56,19919
CG.TO,10 Apr 2017,7.59,7.71,7.49,7.69,555989
CGG.TO,10 Apr 2017,2.66,2.67,2.6,2.67,226693
CGI.TO,10 Apr 2017,20.54,20.7,20.4,20.7,2104
CGI.PR.D.TO,10 Apr 2017,25.59,25.59,25.59,25.59,0
CGL.TO,10 Apr 2017,10.92,10.94,10.89,10.94,14232
CGL.C.TO,10 Apr 2017,14.78,14.84,14.72,14.8,4065
CGO.TO,10 Apr 2017,62.03,62.3,61.5,62.25,32901
CGR.TO,10 Apr 2017,29.1,29.22,29,29,3163
CGR.A.TO,10 Apr 2017,27.95,27.95,27.95,27.95,0
CGT.TO,10 Apr 2017,0.95,0.95,0.91,0.94,37330
CGX.TO,10 Apr 2017,50.53,50.7,50.53,50.56,26947
CGX.DB.A.TO,10 Apr 2017,103.35,103.35,103.35,103.35,175000
CGY.TO,10 Apr 2017,27,27.01,26.79,26.79,2675
CHB.TO,10 Apr 2017,19.33,19.34,19.3,19.31,7155
CHB.A.TO,10 Apr 2017,18.76,18.76,18.76,18.76,0
CHE.DB.B.TO,10 Apr 2017,103.25,103.25,103.25,103.25,0
CHE.DB.C.TO,10 Apr 2017,102.99,103.12,102.9,102.9,270000
CHE.UN.TO,10 Apr 2017,18.96,19.1,18.96,19.07,146532
CHH.TO,10 Apr 2017,0.74,0.76,0.73,0.76,183195
CHP.UN.TO,10 Apr 2017,13.98,14.02,13.86,13.96,33923
CHR.TO,10 Apr 2017,7.57,7.58,7.5,7.53,252808
CHW.TO,10 Apr 2017,14.18,14.55,14.08,14.45,57553
CHW.DB.TO,10 Apr 2017,101.27,101.27,101.27,101.27,0
CIA.TO,10 Apr 2017,1.12,1.14,1.07,1.07,531970
CIC.TO,10 Apr 2017,11.98,11.98,11.93,11.93,5733
CIF.TO,10 Apr 2017,26.95,26.95,26.86,26.86,1673
CIF.A.TO,10 Apr 2017,26.92,26.94,26.92,26.94,200
CIGI.TO,10 Apr 2017,63.68,64.28,63.35,64.24,25830
CIQ.UN.TO,10 Apr 2017,9.7,9.71,9.7,9.71,1900
CIU.PR.A.TO,10 Apr 2017,22.78,23.24,22.78,23.24,1300
CIU.PR.C.TO,10 Apr 2017,15.33,15.33,15.33,15.33,0
CIX.TO,10 Apr 2017,26.49,26.72,26.45,26.7,240167
CJ.TO,10 Apr 2017,7.26,7.42,7.24,7.34,638247
CJ.DB.TO,10 Apr 2017,107,107,105,105,16000
CJR.B.TO,10 Apr 2017,12.8,12.95,12.78,12.9,837561
CJT.TO,10 Apr 2017,46.5,47,46.43,46.71,17964
CJT.A.TO,10 Apr 2017,46,46.05,46,46.05,232
CJT.DB.C.TO,10 Apr 2017,107.5,107.5,107.5,107.5,5000
CKE.TO,10 Apr 2017,0.37,0.39,0.37,0.37,401021
CKI.TO,10 Apr 2017,10.8,10.8,10.8,10.8,0
CLF.TO,10 Apr 2017,18.51,18.51,18.5,18.5,30148
CLF.A.TO,10 Apr 2017,18.39,18.39,18.39,18.39,0
CLG.TO,10 Apr 2017,19.13,19.13,19.11,19.12,4260
CLG.A.TO,10 Apr 2017,18.99,18.99,18.99,18.99,0
CLR.TO,10 Apr 2017,10.24,10.27,10.18,10.23,41698
CLS.TO,10 Apr 2017,19.47,19.59,19.39,19.46,158795
CM.TO,10 Apr 2017,115.59,115.69,114.5,114.84,1889999
CM.PR.O.TO,10 Apr 2017,22.87,22.9,22.86,22.9,7700
CM.PR.P.TO,10 Apr 2017,22.36,22.37,22.29,22.33,26700
CM.PR.Q.TO,10 Apr 2017,23.76,23.8,23.73,23.73,11250
CMED.TO,10 Apr 2017,12.49,12.98,12.4,12.98,512512
CMG.TO,10 Apr 2017,10.54,10.89,10.5,10.63,228356
CMH.TO,10 Apr 2017,4.15,4.18,4.15,4.18,2739
CMMC.TO,10 Apr 2017,1.02,1.03,1,1.02,183082
CMR.TO,10 Apr 2017,50,50.01,50,50.01,715
CNE.TO,10 Apr 2017,3.99,3.99,3.93,3.96,227450
CNL.TO,10 Apr 2017,3.77,3.78,3.66,3.69,497233
CNQ.TO,10 Apr 2017,44.82,45.68,44.71,45.31,1491761
CNR.TO,10 Apr 2017,98.43,100,98.43,99.43,1083866
CNT.TO,10 Apr 2017,0.27,0.27,0.27,0.27,0
CNU.TO,10 Apr 2017,161.43,161.43,161.43,161.43,0
COM.TO,10 Apr 2017,4.43,4.43,4,4.14,5809
COP.TO,10 Apr 2017,0.15,0.15,0.15,0.15,233878
COW.TO,10 Apr 2017,37.24,37.3,37.2,37.22,2036
COW.A.TO,10 Apr 2017,36.31,36.39,36.31,36.34,300
CP.TO,10 Apr 2017,200.63,204.79,200.62,203.92,252923
CPD.TO,10 Apr 2017,14.29,14.34,14.27,14.3,103789
CPD.A.TO,10 Apr 2017,14.06,14.06,14.06,14.06,0
CPF.UN.TO,10 Apr 2017,17.2,17.2,17.2,17.2,0
CPG.TO,10 Apr 2017,14.57,15,14.45,14.98,3167302
CPH.TO,10 Apr 2017,4.31,4.51,4.31,4.44,5379
CPI.TO,10 Apr 2017,1.46,1.5,1.46,1.5,6679
CPX.TO,10 Apr 2017,25.39,25.67,25.25,25.63,150176
CPX.PR.A.TO,10 Apr 2017,16.46,16.65,16.46,16.65,900
CPX.PR.C.TO,10 Apr 2017,21.09,21.31,21.06,21.31,6380
CPX.PR.E.TO,10 Apr 2017,20.45,20.59,20.45,20.59,6000
CPX.PR.G.TO,10 Apr 2017,26.15,26.15,26.06,26.1,4400
CQE.TO,10 Apr 2017,0.26,0.28,0.26,0.27,525139
CR.TO,10 Apr 2017,5.1,5.27,5.05,5.17,1018545
CRH.TO,10 Apr 2017,11.48,12.06,11.48,12.06,610181
CRP.TO,10 Apr 2017,5.55,5.55,5.55,5.55,2518
CRR.DB.E.TO,10 Apr 2017,105.25,105.25,104.77,105,45000
CRR.UN.TO,10 Apr 2017,14.25,14.39,14.22,14.34,125848
CRT.UN.TO,10 Apr 2017,14.89,14.93,14.85,14.88,40845
CRWN.TO,10 Apr 2017,10.05,10.05,10.01,10.01,1800
CS.TO,10 Apr 2017,1.25,1.26,1.22,1.23,763464
CSD.TO,10 Apr 2017,18.36,18.42,18.36,18.41,6223
CSE.PR.A.TO,10 Apr 2017,12.42,12.42,12.42,12.42,0
CSH.UN.TO,10 Apr 2017,15.61,15.7,15.59,15.65,182921
CSM.TO,10 Apr 2017,0.22,0.23,0.22,0.23,8000
CSU.TO,10 Apr 2017,639.26,644.23,639.26,640.02,24791
CSU.DB.TO,10 Apr 2017,116,116,115.99,116,101000
CSW.A.TO,10 Apr 2017,22.58,22.58,22.5,22.5,1509
CSW.B.TO,10 Apr 2017,21.13,21.26,20.62,21.15,4677
CSY.TO,10 Apr 2017,20.85,20.85,20.85,20.85,0
CTC.TO,10 Apr 2017,204.27,204.27,204.27,204.27,142
CTC.A.TO,10 Apr 2017,162.05,162.71,161.7,162.4,144201
CTF.UN.TO,10 Apr 2017,3.52,3.52,3.52,3.52,16022
CTX.TO,10 Apr 2017,0.99,1,0.97,1,57650
CU.TO,10 Apr 2017,39.17,39.23,38.93,39.17,598970
CU.PR.C.TO,10 Apr 2017,22.75,22.94,22.75,22.86,4109
CU.PR.D.TO,10 Apr 2017,24.49,24.81,24.49,24.8,6325
CU.PR.E.TO,10 Apr 2017,24.47,24.65,24.47,24.65,4438
CU.PR.F.TO,10 Apr 2017,22.53,22.82,22.51,22.8,5080
CU.PR.G.TO,10 Apr 2017,22.74,22.88,22.72,22.87,2800
CU.PR.H.TO,10 Apr 2017,26.03,26.22,26.02,26.15,6500
CU.PR.I.TO,10 Apr 2017,26.59,26.59,26.49,26.49,11219
CU.X.TO,10 Apr 2017,39.08,39.08,38.93,38.93,1000
CUD.TO,10 Apr 2017,37.6,37.84,37.6,37.76,7570
CUD.A.TO,10 Apr 2017,37.49,37.49,37.49,37.49,0
CUF.UN.TO,10 Apr 2017,14.52,14.62,14.51,14.61,439682
CUP.U.TO,10 Apr 2017,13.4,13.4,13.4,13.4,0
CVD.TO,10 Apr 2017,19.24,19.25,19.2,19.25,15394
CVE.TO,10 Apr 2017,14.76,15.02,14.75,15.01,4776628
CVG.TO,10 Apr 2017,33.55,33.55,33.5,33.5,300
CWB.TO,10 Apr 2017,29.29,29.54,29.17,29.31,571381
CWB.PR.B.TO,10 Apr 2017,22.98,23.01,22.83,22.95,5594
CWB.PR.C.TO,10 Apr 2017,27.49,27.81,27.49,27.81,2711
CWF.TO,10 Apr 2017,5.08,5.08,5.08,5.08,0
CWI.TO,10 Apr 2017,1.54,1.54,1.54,1.54,0
CWL.TO,10 Apr 2017,1.17,1.18,1.14,1.14,15925
CWW.TO,10 Apr 2017,31.87,31.87,31.55,31.55,1675
CWX.TO,10 Apr 2017,6.14,6.15,6.11,6.14,204265
CXF.TO,10 Apr 2017,10.05,10.08,10.05,10.08,1000
CXI.TO,10 Apr 2017,22.18,22.29,22.06,22.26,3927
CXN.TO,10 Apr 2017,0.18,0.18,0.18,0.18,0
CXR.TO,10 Apr 2017,1.9,1.9,1.83,1.87,137366
CYB.TO,10 Apr 2017,42.42,42.42,42.03,42.1,863
CYH.TO,10 Apr 2017,19.17,19.21,19.09,19.21,6155
CZN.TO,10 Apr 2017,0.22,0.22,0.21,0.22,148317
D.UN.TO,10 Apr 2017,19.63,19.94,19.45,19.85,274797
DA.DB.A.TO,10 Apr 2017,55.01,55.01,55,55,30000
DBO.TO,10 Apr 2017,0.41,0.41,0.39,0.4,283800
DC.A.TO,10 Apr 2017,3.53,3.61,3.53,3.6,23266
DC.PR.B.TO,10 Apr 2017,16.05,16.25,16.05,16.25,5299
DC.PR.D.TO,10 Apr 2017,13.6,13.75,13.48,13.75,9950
DC.PR.E.TO,10 Apr 2017,24.24,24.24,24.21,24.21,1228
DC.WT.TO,10 Apr 2017,0.57,0.69,0.57,0.69,2750
DCC.TO,10 Apr 2017,20.04,20.04,20.04,20.04,150
DCD.UN.TO,10 Apr 2017,13.89,13.89,13.89,13.89,417
DCF.TO,10 Apr 2017,4,4,4,4,5000
DCF.DB.TO,10 Apr 2017,98.5,98.5,98.5,98.5,97000
DCG.TO,10 Apr 2017,20.02,20.02,20.02,20.02,200
DCM.TO,10 Apr 2017,2.35,2.37,2.35,2.35,1600
DCP.TO,10 Apr 2017,20.32,20.32,20.32,20.32,0
DCU.TO,10 Apr 2017,20.08,20.08,20.08,20.08,100
DEE.TO,10 Apr 2017,1.55,1.57,1.53,1.53,247212
DEE.NT.TO,10 Apr 2017,105,105,105,105,0
DEE.WT.TO,10 Apr 2017,0.74,0.74,0.74,0.74,1000
DF.TO,10 Apr 2017,7.95,8,7.95,7.97,29015
DF.PR.A.TO,10 Apr 2017,10.17,10.19,10.17,10.19,6661
DFC.TO,10 Apr 2017,20.19,20.19,20.19,20.19,500
DFN.TO,10 Apr 2017,10.94,10.95,10.9,10.91,55457
DFN.PR.A.TO,10 Apr 2017,10.35,10.36,10.32,10.33,14435
DFU.TO,10 Apr 2017,19.9,19.9,19.9,19.9,100
DGC.TO,10 Apr 2017,16.35,16.35,16.07,16.21,799089
DGR.TO,10 Apr 2017,21.86,21.91,21.86,21.91,3054
DGR.B.TO,10 Apr 2017,22.38,22.38,22.38,22.38,0
DGS.TO,10 Apr 2017,7.9,7.93,7.86,7.9,88746
DGS.PR.A.TO,10 Apr 2017,10.18,10.18,10.16,10.17,71276
DHX.A.TO,10 Apr 2017,5.9,5.9,5.9,5.9,179
DHX.B.TO,10 Apr 2017,5.81,5.95,5.81,5.92,97027
DII.A.TO,10 Apr 2017,31.64,31.64,31.64,31.64,0
DII.B.TO,10 Apr 2017,31.74,32.75,31.64,32.59,56250
DII.DB.U.TO,10 Apr 2017,102,102,102,102,3000
DIR.DB.TO,10 Apr 2017,103.01,103.01,103,103,14000
DIR.UN.TO,10 Apr 2017,8.28,8.36,8.24,8.32,118966
DISC.TO,10 Apr 2017,20,20,20,20,0
DIV.TO,10 Apr 2017,2.6,2.63,2.59,2.61,276246
DLR.TO,10 Apr 2017,13.29,13.29,13.25,13.26,252602
DLR.U.TO,10 Apr 2017,9.95,9.95,9.94,9.94,7802
DML.TO,10 Apr 2017,0.82,0.86,0.81,0.85,656374
DNA.TO,10 Apr 2017,1.39,1.39,1.34,1.36,178141
DNG.TO,10 Apr 2017,2.27,2.27,2.2,2.2,38900
DNT.TO,10 Apr 2017,0.1,0.1,0.1,0.1,12000
DOL.TO,10 Apr 2017,113.76,115.64,113.76,115.49,248384
DOO.TO,10 Apr 2017,31.4,32.3,31.4,32.19,184232
DPM.TO,10 Apr 2017,2.86,2.92,2.82,2.89,131500
DQD.TO,10 Apr 2017,22.3,22.3,22.3,22.3,0
DQI.TO,10 Apr 2017,21.58,21.58,21.32,21.5,3770
DR.TO,10 Apr 2017,17.96,18.01,17.78,17.91,88905
DR.DB.A.TO,10 Apr 2017,105.01,105.01,105.01,105.01,14000
DRA.UN.TO,10 Apr 2017,6.27,6.3,6.27,6.28,21802
DRG.UN.TO,10 Apr 2017,9.81,9.83,9.75,9.79,241756
DRM.TO,10 Apr 2017,7,7.07,6.96,6.98,22337
DRM.PR.A.TO,10 Apr 2017,7.28,7.28,7.27,7.27,2050
DRT.TO,10 Apr 2017,6.7,6.77,6.57,6.76,74601
DRX.TO,10 Apr 2017,2.64,2.65,2.6,2.64,12000
DS.TO,10 Apr 2017,8.91,8.96,8.8,8.82,45845
DSG.TO,10 Apr 2017,30.32,30.32,30.05,30.15,49339
DSL.UN.TO,10 Apr 2017,8.83,8.83,8.83,8.83,0
DW.TO,10 Apr 2017,0.45,0.45,0.42,0.45,18000
DXC.TO,10 Apr 2017,20.58,20.58,20.58,20.58,0
DXG.TO,10 Apr 2017,21.4,21.4,21.4,21.4,1230
DXI.TO,10 Apr 2017,0.08,0.08,0.08,0.08,0
DXM.TO,10 Apr 2017,10.44,10.44,10.42,10.42,1493
DXO.TO,10 Apr 2017,20.34,20.34,20.34,20.34,569
DXP.TO,10 Apr 2017,21.8,21.83,21.78,21.83,101340
DXU.TO,10 Apr 2017,21.04,21.04,21.04,21.04,0
E.TO,10 Apr 2017,0.32,0.32,0.32,0.32,19833
EBC.UN.TO,10 Apr 2017,7.96,7.96,7.9,7.9,4900
ECA.TO,10 Apr 2017,15.7,16.13,15.64,16.02,2892037
ECF.UN.TO,10 Apr 2017,9.81,9.81,9.8,9.81,3084
ECI.TO,10 Apr 2017,20.84,21.03,20.79,20.94,169845
ECN.TO,10 Apr 2017,3.77,3.77,3.72,3.75,264186
ECN.PR.A.TO,10 Apr 2017,25.71,25.76,25.49,25.5,6900
ECO.TO,10 Apr 2017,2.35,2.39,2.35,2.35,20850
ECS.TO,10 Apr 2017,1.2,1.26,1.2,1.25,524393
EDR.TO,10 Apr 2017,4.51,4.58,4.4,4.51,347953
EDT.TO,10 Apr 2017,0.54,0.54,0.51,0.52,145932
EDV.TO,10 Apr 2017,25.3,25.47,24.87,25.38,125614
EFH.TO,10 Apr 2017,12.62,12.62,12.62,12.62,324
EFL.TO,10 Apr 2017,2.3,2.32,2.15,2.3,77150
EFN.TO,10 Apr 2017,12.3,12.42,12.28,12.32,2218808
EFN.DB.TO,10 Apr 2017,110.07,110.63,110.07,110.44,472000
EFN.DB.A.TO,10 Apr 2017,102.7,102.7,102.25,102.5,50000
EFN.PR.A.TO,10 Apr 2017,25.35,25.75,25.35,25.75,3600
EFN.PR.C.TO,10 Apr 2017,25.3,25.6,25.3,25.6,4559
EFN.PR.E.TO,10 Apr 2017,25.35,25.5,25.35,25.5,2460
EFN.PR.G.TO,10 Apr 2017,25.93,26.15,25.93,26.15,7400
EFR.TO,10 Apr 2017,2.74,2.95,2.7,2.92,483864
EFR.DB.TO,10 Apr 2017,100.5,100.5,100.5,100.5,0
EFR.WT.TO,10 Apr 2017,1.21,1.21,1.21,1.21,0
EFX.TO,10 Apr 2017,19.21,20.12,19.21,20.04,1112792
EGL.TO,10 Apr 2017,0.51,0.51,0.5,0.5,89525
EHE.TO,10 Apr 2017,24.8,24.8,24.8,24.8,0
EIF.TO,10 Apr 2017,38.1,38.41,37.85,38.4,97122
EIF.DB.E.TO,10 Apr 2017,108.5,109.99,108.5,109.99,27000
EIF.DB.F.TO,10 Apr 2017,104,104,104,104,0
EIF.DB.G.TO,10 Apr 2017,124,124,124,124,0
EIF.DB.H.TO,10 Apr 2017,106.5,106.5,106.5,106.5,20000
EIT.PR.A.TO,10 Apr 2017,25.6,25.74,25.6,25.74,5479
EIT.UN.TO,10 Apr 2017,12.01,12.02,11.99,11.99,103202
ELD.TO,10 Apr 2017,4.62,4.66,4.56,4.64,1560811
ELF.TO,10 Apr 2017,820,820,820,820,247
ELF.PR.F.TO,10 Apr 2017,25.05,25.05,25.05,25.05,600
ELF.PR.G.TO,10 Apr 2017,23.54,23.58,23.4,23.49,3900
ELF.PR.H.TO,10 Apr 2017,25.32,25.33,25.26,25.26,1300
ELR.TO,10 Apr 2017,0.34,0.34,0.32,0.32,7000
ELV.TO,10 Apr 2017,18.97,19.01,18.97,18.97,1969
EMA.TO,10 Apr 2017,47.12,47.35,46.78,47.21,312445
EMA.PR.A.TO,10 Apr 2017,17.66,17.66,17.66,17.66,100
EMA.PR.B.TO,10 Apr 2017,16.18,16.18,16.18,16.18,0
EMA.PR.C.TO,10 Apr 2017,23.75,24.1,23.68,23.89,6000
EMA.PR.E.TO,10 Apr 2017,22.44,22.6,22.41,22.6,7155
EMA.PR.F.TO,10 Apr 2017,23.51,23.74,23.5,23.73,3240
EML.PR.A.TO,10 Apr 2017,26.86,26.88,26.67,26.88,22000
EMP.A.TO,10 Apr 2017,20.13,20.5,20.13,20.38,394957
ENB.TO,10 Apr 2017,56.68,57.15,56.65,56.97,2027208
ENB.PF.A.TO,10 Apr 2017,21.09,21.3,21.09,21.2,14016
ENB.PF.C.TO,10 Apr 2017,20.96,21.32,20.95,21.26,6700
ENB.PF.E.TO,10 Apr 2017,21.25,21.53,21.25,21.47,8780
ENB.PF.G.TO,10 Apr 2017,21.35,21.61,21.35,21.48,6647
ENB.PF.I.TO,10 Apr 2017,26.53,26.6,26.49,26.6,5934
ENB.PF.U.TO,10 Apr 2017,23.82,23.84,23.8,23.83,1900
ENB.PF.V.TO,10 Apr 2017,23.72,23.72,23.61,23.61,8500
ENB.PR.A.TO,10 Apr 2017,25.29,25.42,25.29,25.42,1800
ENB.PR.B.TO,10 Apr 2017,18.64,18.88,18.64,18.74,39700
ENB.PR.D.TO,10 Apr 2017,18.93,19.17,18.93,19.15,23599
ENB.PR.F.TO,10 Apr 2017,19.68,20.1,19.68,19.97,19713
ENB.PR.H.TO,10 Apr 2017,17.93,18.13,17.93,18.1,13600
ENB.PR.J.TO,10 Apr 2017,20.85,21.13,20.85,21.08,10019
ENB.PR.N.TO,10 Apr 2017,20.48,20.76,20.48,20.65,9131
ENB.PR.P.TO,10 Apr 2017,20.04,20.29,20.04,20.26,8750
ENB.PR.T.TO,10 Apr 2017,20.14,20.37,20.14,20.26,10506
ENB.PR.U.TO,10 Apr 2017,23.77,23.78,23.65,23.65,6025
ENB.PR.V.TO,10 Apr 2017,23.94,23.99,23.89,23.99,6837
ENB.PR.Y.TO,10 Apr 2017,19.45,19.72,19.45,19.68,17630
ENF.TO,10 Apr 2017,33.98,34.12,33.76,34.06,280711
ENGH.TO,10 Apr 2017,56.3,57.11,56.3,57.06,21812
ENI.UN.TO,10 Apr 2017,2.17,2.18,2.12,2.12,2621
ENT.TO,10 Apr 2017,0.24,0.24,0.24,0.24,7650
ENT.DB.TO,10 Apr 2017,82,82,82,82,0
EOX.TO,10 Apr 2017,0.45,0.45,0.44,0.44,4500
EPS.TO,10 Apr 2017,2.83,2.93,2.83,2.88,70169
EQB.TO,10 Apr 2017,70.62,71.11,70.24,70.42,49919
EQB.PR.C.TO,10 Apr 2017,25.12,25.25,25.12,25.25,3329
EQI.TO,10 Apr 2017,8.82,8.82,8.82,8.82,0
ER.TO,10 Apr 2017,0.47,0.47,0.45,0.45,573091
ERD.TO,10 Apr 2017,0.88,0.9,0.88,0.9,18000
ERF.TO,10 Apr 2017,10.65,10.8,10.53,10.71,954630
ERM.TO,10 Apr 2017,10.11,10.11,10.07,10.07,1440
ESI.TO,10 Apr 2017,8.11,8.23,8.08,8.17,98908
ESM.TO,10 Apr 2017,0.73,0.73,0.73,0.73,5370
ESN.TO,10 Apr 2017,0.7,0.72,0.69,0.72,45932
ESP.TO,10 Apr 2017,2.34,2.36,2.28,2.3,82139
ET.TO,10 Apr 2017,16.21,16.29,16.2,16.29,8970
ETG.TO,10 Apr 2017,0.7,0.7,0.68,0.68,24500
ETP.TO,10 Apr 2017,19.69,19.69,19.69,19.69,1005
ETX.TO,10 Apr 2017,0.34,0.34,0.34,0.34,1000
EUR.TO,10 Apr 2017,22.71,22.71,22.71,22.71,242
EVT.TO,10 Apr 2017,107.1,107.1,107.1,107.1,125
EXE.TO,10 Apr 2017,10.2,10.27,10.18,10.24,82211
EXE.DB.B.TO,10 Apr 2017,104,104,104,104,1000
EXF.TO,10 Apr 2017,6.22,6.24,6.07,6.08,9700
EXN.TO,10 Apr 2017,1.67,1.75,1.65,1.75,64109
EXN.WT.TO,10 Apr 2017,0.54,0.54,0.54,0.54,0
FAH.U.TO,10 Apr 2017,9.99,10,9.95,9.95,4231
FAI.TO,10 Apr 2017,10.73,10.73,10.7,10.7,291
FAO.TO,10 Apr 2017,10,10,9.97,9.97,2861
FAP.TO,10 Apr 2017,4.57,4.6,4.57,4.6,25682
FAR.TO,10 Apr 2017,0.37,0.37,0.37,0.37,0
FBE.TO,10 Apr 2017,21.29,21.29,21.29,21.29,0
FBU.TO,10 Apr 2017,22.57,22.57,22.57,22.57,0
FC.TO,10 Apr 2017,13.99,14,13.93,13.98,22792
FC.DB.B.TO,10 Apr 2017,101.06,101.1,101.05,101.1,22000
FC.DB.C.TO,10 Apr 2017,100.66,100.66,100.66,100.66,0
FC.DB.D.TO,10 Apr 2017,102.01,102.01,102,102,25000
FC.DB.E.TO,10 Apr 2017,102.11,102.11,102,102,20000
FC.DB.F.TO,10 Apr 2017,102.05,102.05,102.05,102.05,4000
FC.DB.G.TO,10 Apr 2017,101.5,101.5,101.5,101.5,7000
FCR.TO,10 Apr 2017,20.16,20.31,20.1,20.29,222808
FCR.DB.J.TO,10 Apr 2017,103.05,103.05,103.05,103.05,17000
FCS.PR.C.TO,10 Apr 2017,10.29,10.29,10.29,10.29,0
FCS.UN.TO,10 Apr 2017,5.9,5.92,5.9,5.92,1601
FCU.TO,10 Apr 2017,0.8,0.85,0.8,0.85,861181
FDE.TO,10 Apr 2017,16.05,16.05,16.05,16.05,291
FDL.TO,10 Apr 2017,20.18,20.18,20.18,20.18,0
FDV.TO,10 Apr 2017,9.63,9.65,9.63,9.65,678
FFH.TO,10 Apr 2017,613.98,617.58,606.5,611.35,39679
FFH.PR.C.TO,10 Apr 2017,22.62,22.72,22.57,22.71,4593
FFH.PR.D.TO,10 Apr 2017,21.71,21.71,21.71,21.71,800
FFH.PR.E.TO,10 Apr 2017,16.96,17.16,16.96,17.13,9320
FFH.PR.F.TO,10 Apr 2017,15.86,15.86,15.77,15.77,3200
FFH.PR.G.TO,10 Apr 2017,18.9,18.9,18.89,18.9,6340
FFH.PR.H.TO,10 Apr 2017,19.27,19.27,18.79,18.79,2511
FFH.PR.I.TO,10 Apr 2017,20.56,20.59,20.45,20.45,4104
FFH.PR.J.TO,10 Apr 2017,19.23,19.23,19.23,19.23,0
FFH.PR.K.TO,10 Apr 2017,23.14,23.33,23.14,23.27,2000
FFH.PR.M.TO,10 Apr 2017,24.58,24.65,24.54,24.54,3150
FFI.UN.TO,10 Apr 2017,12.3,12.39,12.29,12.32,19499
FFN.TO,10 Apr 2017,8.92,8.92,8.85,8.88,50549
FFN.PR.A.TO,10 Apr 2017,10.12,10.13,10.12,10.13,61971
FGB.TO,10 Apr 2017,19.52,19.54,19.52,19.54,1169
FGX.TO,10 Apr 2017,4.1,4.1,4.1,4.1,0
FHB.TO,10 Apr 2017,8.19,8.19,8.19,8.19,500
FHC.TO,10 Apr 2017,24.82,24.82,24.82,24.82,2000
FHD.TO,10 Apr 2017,23.19,23.19,23.19,23.19,0
FHE.TO,10 Apr 2017,13.43,13.43,13.43,13.43,0
FHF.TO,10 Apr 2017,26.26,26.26,26.26,26.26,0
FHG.TO,10 Apr 2017,24.78,24.8,24.78,24.8,300
FHH.TO,10 Apr 2017,23.07,23.07,23.07,23.07,0
FHM.TO,10 Apr 2017,25.34,25.34,25.34,25.34,0
FHQ.TO,10 Apr 2017,27.66,27.66,27.66,27.66,346
FHU.TO,10 Apr 2017,25.11,25.11,25.11,25.11,0
FIE.TO,10 Apr 2017,7.5,7.5,7.48,7.48,108572
FIE.A.TO,10 Apr 2017,6.91,6.91,6.89,6.91,5924
FIG.TO,10 Apr 2017,11.22,11.23,11.22,11.22,9976
FIH.U.TO,10 Apr 2017,13.75,13.75,13.5,13.6,25304
FLI.TO,10 Apr 2017,12.77,12.79,12.7,12.73,37560
FM.TO,10 Apr 2017,14.48,14.68,14.28,14.6,1164396
FN.TO,10 Apr 2017,26.75,26.79,26.49,26.56,50285
FN.PR.A.TO,10 Apr 2017,15.41,15.41,15.41,15.41,200
FN.PR.B.TO,10 Apr 2017,14.28,14.28,14.28,14.28,0
FNM.UN.TO,10 Apr 2017,9.18,9.18,9.18,9.18,0
FNV.TO,10 Apr 2017,89.46,91.42,89.23,90.86,386058
FPR.TO,10 Apr 2017,22.62,22.63,22.57,22.6,1502
FQC.TO,10 Apr 2017,21.87,21.87,21.87,21.87,0
FR.TO,10 Apr 2017,11.52,11.64,11.2,11.57,811369
FRII.TO,10 Apr 2017,12.77,12.77,12.52,12.52,83200
FRL.UN.TO,10 Apr 2017,9.3,9.3,9.3,9.3,0
FRU.TO,10 Apr 2017,13.62,14.22,13.58,14.05,343037
FRX.TO,10 Apr 2017,4.88,4.95,4.75,4.95,15741
FSD.TO,10 Apr 2017,21.92,21.92,21.92,21.92,0
FSD.A.TO,10 Apr 2017,19.57,19.57,19.57,19.57,2051
FSF.TO,10 Apr 2017,18.13,18.13,18.13,18.13,0
FSL.TO,10 Apr 2017,19.61,19.66,19.57,19.6,26289
FSR.TO,10 Apr 2017,20.36,20.36,20.36,20.36,0
FST.TO,10 Apr 2017,30.76,30.76,30.76,30.76,0
FST.A.TO,10 Apr 2017,26.12,26.12,26.12,26.12,200
FSV.TO,10 Apr 2017,81.05,81.51,81.05,81.4,32733
FSY.TO,10 Apr 2017,0.14,0.15,0.13,0.14,169500
FSZ.TO,10 Apr 2017,14.35,15.1,14.35,14.96,430106
FT.TO,10 Apr 2017,0.2,0.21,0.2,0.21,512112
FTB.TO,10 Apr 2017,19.77,19.77,19.72,19.72,1704
FTG.TO,10 Apr 2017,3.69,3.79,3.67,3.75,38672
FTN.TO,10 Apr 2017,10.46,10.48,10.45,10.48,19033
FTN.PR.A.TO,10 Apr 2017,10.15,10.15,10.13,10.14,11993
FTP.TO,10 Apr 2017,8.13,8.27,8.13,8.25,11440
FTP.DB.A.TO,10 Apr 2017,96.5,96.64,96,96.5,146000
FTS.TO,10 Apr 2017,44.03,44.31,43.75,44.18,413188
FTS.PR.F.TO,10 Apr 2017,24.4,24.76,24.35,24.76,2164
FTS.PR.G.TO,10 Apr 2017,21.65,21.87,21.65,21.79,4122
FTS.PR.H.TO,10 Apr 2017,17.23,17.39,17.12,17.33,8415
FTS.PR.I.TO,10 Apr 2017,15.69,15.98,15.65,15.98,3900
FTS.PR.J.TO,10 Apr 2017,23.69,23.95,23.65,23.94,35700
FTS.PR.K.TO,10 Apr 2017,21.48,21.51,21.27,21.51,20658
FTS.PR.M.TO,10 Apr 2017,23.72,23.88,23.72,23.8,24036
FTT.TO,10 Apr 2017,24.66,25.18,24.66,25,228452
FTU.TO,10 Apr 2017,0.8,0.82,0.8,0.82,4400
FTU.PR.B.TO,10 Apr 2017,8.01,8.01,8,8,3745
FUD.TO,10 Apr 2017,25.12,25.12,25.12,25.12,0
FUT.TO,10 Apr 2017,21.59,21.59,21.59,21.59,0
FVI.TO,10 Apr 2017,7.03,7.11,6.92,7.06,271594
FVL.TO,10 Apr 2017,0.16,0.16,0.15,0.15,23201
FXM.TO,10 Apr 2017,14.73,14.74,14.7,14.74,1748
G.TO,10 Apr 2017,19.57,19.94,19.44,19.91,2640004
GAF.UN.TO,10 Apr 2017,10.4,10.4,10.4,10.4,544
GAS.TO,10 Apr 2017,10.1,10.1,10.1,10.1,0
GBF.TO,10 Apr 2017,8.6,8.6,8.6,8.6,4900
GBT.TO,10 Apr 2017,13.01,13.02,12.95,13,9144
GBU.TO,10 Apr 2017,0.37,0.37,0.35,0.35,90000
GC.TO,10 Apr 2017,24.55,24.66,24.15,24.6,132500
GCG.TO,10 Apr 2017,27.22,27.22,27.22,27.22,300
GCG.A.TO,10 Apr 2017,27.11,27.44,27.11,27.42,2177
GCL.TO,10 Apr 2017,1.14,1.15,1.12,1.12,80016
GCL.DB.A.TO,10 Apr 2017,100,100.01,99.75,100,143000
GCM.TO,10 Apr 2017,0.1,0.1,0.1,0.1,258463
GCM.DB.U.TO,10 Apr 2017,64.99,64.99,64.99,64.99,0
GCM.DB.V.TO,10 Apr 2017,81.5,81.5,81.5,81.5,0
GCS.PR.A.TO,10 Apr 2017,25.15,25.15,25.1,25.15,17800
GDC.TO,10 Apr 2017,3,3,2.98,2.99,1200
GDG.UN.TO,10 Apr 2017,12.1,12.11,12.01,12.01,2500
GDI.TO,10 Apr 2017,16.5,16.72,16.5,16.72,3752
GDI.DB.TO,10 Apr 2017,102.25,102.25,102.25,102.25,0
GDL.TO,10 Apr 2017,7.8,7.92,7.8,7.92,1659
GDS.TO,10 Apr 2017,3.05,3.05,3.05,3.05,3000
GEI.TO,10 Apr 2017,19.5,19.66,19.5,19.56,245083
GEI.DB.TO,10 Apr 2017,107,107.03,107,107,120000
GEN.TO,10 Apr 2017,0.37,0.37,0.35,0.36,141250
GEO.TO,10 Apr 2017,2.44,2.45,2.44,2.44,27100
GGA.TO,10 Apr 2017,0.12,0.13,0.12,0.12,22665
GGD.TO,10 Apr 2017,0.66,0.66,0.65,0.65,219186
GGD.WT.TO,10 Apr 2017,0.07,0.07,0.07,0.07,0
GH.TO,10 Apr 2017,10.28,10.45,10.18,10.35,10055
GIB.A.TO,10 Apr 2017,62.81,63.19,62.75,62.98,332650
GIL.TO,10 Apr 2017,35.27,35.89,35.25,35.69,385845
GLG.TO,10 Apr 2017,0.39,0.39,0.39,0.39,0
GMO.TO,10 Apr 2017,0.52,0.52,0.49,0.49,5500
GMP.TO,10 Apr 2017,3.49,3.5,3.49,3.49,31445
GMP.PR.B.TO,10 Apr 2017,14.2,14.2,14.2,14.2,1000
GMP.PR.C.TO,10 Apr 2017,13.25,13.25,13.25,13.25,0
GMX.TO,10 Apr 2017,0.55,0.55,0.53,0.53,94100
GOOS.TO,10 Apr 2017,22.8,23,22.13,22.43,142010
GPR.TO,10 Apr 2017,2.15,2.16,2.08,2.14,87738
GPS.TO,10 Apr 2017,1.65,1.65,1.59,1.64,119931
GQM.TO,10 Apr 2017,0.85,0.85,0.85,0.85,37500
GQM.WT.TO,10 Apr 2017,0.14,0.14,0.14,0.14,0
GRL.TO,10 Apr 2017,7.84,7.96,7.84,7.96,14694
GRP.PR.A.TO,10 Apr 2017,25.56,25.56,25.56,25.56,0
GRT.UN.TO,10 Apr 2017,47.23,47.53,46.76,47.42,111016
GS.TO,10 Apr 2017,17.47,17.55,17.4,17.44,53157
GSB.UN.TO,10 Apr 2017,7.85,7.85,7.85,7.85,500
GSC.TO,10 Apr 2017,1.13,1.15,1.12,1.15,128631
GSY.TO,10 Apr 2017,34.49,35.38,34.49,35.2,30204
GTE.TO,10 Apr 2017,3.61,3.65,3.57,3.64,472445
GTX.TO,10 Apr 2017,3.63,3.63,3.63,3.63,0
GUD.TO,10 Apr 2017,10.19,10.2,10.14,10.17,129553
GUY.TO,10 Apr 2017,7.31,7.54,7.24,7.5,445356
GVC.TO,10 Apr 2017,0.66,0.66,0.66,0.66,0
GWO.TO,10 Apr 2017,36.54,36.83,36.53,36.64,599051
GWO.PR.F.TO,10 Apr 2017,25.97,26.1,25.97,26.1,3445
GWO.PR.G.TO,10 Apr 2017,25.61,25.73,25.6,25.73,5800
GWO.PR.H.TO,10 Apr 2017,24.28,24.47,24.28,24.36,25700
GWO.PR.I.TO,10 Apr 2017,22.88,23.01,22.87,22.92,10640
GWO.PR.L.TO,10 Apr 2017,26,26.12,26,26.12,1539
GWO.PR.M.TO,10 Apr 2017,26.17,26.48,26.17,26.48,3900
GWO.PR.N.TO,10 Apr 2017,16.11,16.29,16.11,16.26,1000
GWO.PR.O.TO,10 Apr 2017,15.84,15.84,15.84,15.84,0
GWO.PR.P.TO,10 Apr 2017,25.93,26,25.92,26,3200
GWO.PR.Q.TO,10 Apr 2017,25.36,25.47,25.36,25.45,8400
GWO.PR.R.TO,10 Apr 2017,24.17,24.43,24.16,24.3,13341
GWO.PR.S.TO,10 Apr 2017,25.71,25.81,25.66,25.71,7645
GWR.TO,10 Apr 2017,11.62,11.62,11.53,11.53,452
GXE.TO,10 Apr 2017,0.94,0.94,0.9,0.92,734316
GXO.TO,10 Apr 2017,5.7,5.77,5.68,5.72,67698
GZT.TO,10 Apr 2017,13.55,13.55,13.55,13.55,0
H.TO,10 Apr 2017,24.27,24.42,24.16,24.42,233473
HAB.TO,10 Apr 2017,10.89,10.9,10.88,10.89,13716
HAC.TO,10 Apr 2017,18.76,18.81,18.74,18.78,7927
HAD.TO,10 Apr 2017,10.01,10.01,9.88,9.88,3279
HAF.TO,10 Apr 2017,8.04,8.15,8.04,8.09,15463
HAJ.TO,10 Apr 2017,13.15,13.19,13.15,13.19,300
HAL.TO,10 Apr 2017,15.7,15.75,15.7,15.75,675
HARC.TO,10 Apr 2017,20.85,20.85,20.85,20.85,100
HAU.TO,10 Apr 2017,11.99,11.99,11.99,11.99,100
HAU.U.TO,10 Apr 2017,8.98,8.98,8.98,8.98,0
HAZ.TO,10 Apr 2017,20.42,20.42,20.3,20.31,8565
HBB.TO,10 Apr 2017,44.53,44.53,44.49,44.49,2800
HBC.TO,10 Apr 2017,10.71,11.07,10.64,11.01,345085
HBD.TO,10 Apr 2017,15.32,15.32,15.31,15.31,1979
HBF.TO,10 Apr 2017,8.74,8.78,8.74,8.74,6105
HBF.U.TO,10 Apr 2017,8.95,8.95,8.95,8.95,0
HBG.TO,10 Apr 2017,20.52,20.64,20.51,20.63,5779
HBL.UN.TO,10 Apr 2017,10.74,10.74,10.74,10.74,0
HBM.TO,10 Apr 2017,8.95,9.05,8.83,8.87,1433881
HBM.WT.TO,10 Apr 2017,0.58,0.59,0.57,0.58,56128
HBP.TO,10 Apr 2017,1.08,1.08,1.07,1.07,1200
HBU.TO,10 Apr 2017,8.35,8.42,8.35,8.39,75205
HCG.TO,10 Apr 2017,24.85,24.85,24.31,24.45,373251
HCN.TO,10 Apr 2017,23.08,23.08,23.08,23.08,0
HE.TO,10 Apr 2017,0.04,0.04,0.04,0.04,0
HEA.TO,10 Apr 2017,15.01,15.01,15.01,15.01,105
HEA.U.TO,10 Apr 2017,11.2,11.2,11.2,11.2,0
HED.TO,10 Apr 2017,8.94,8.94,8.66,8.71,42176
HEE.TO,10 Apr 2017,13.93,13.98,13.9,13.98,1215
HEF.TO,10 Apr 2017,8.96,8.96,8.96,8.96,0
HEJ.TO,10 Apr 2017,6.47,6.47,6.44,6.44,15546
HEP.TO,10 Apr 2017,26.27,26.41,26.05,26.4,3944
HER.TO,10 Apr 2017,0.11,0.11,0.11,0.11,8600
HEU.TO,10 Apr 2017,11.06,11.41,11.06,11.32,26707
HEW.TO,10 Apr 2017,13.7,13.7,13.7,13.7,2115
HEX.TO,10 Apr 2017,6.9,6.91,6.9,6.9,1603
HFD.TO,10 Apr 2017,5.95,6.07,5.95,6.07,6384
HFP.TO,10 Apr 2017,9.55,9.55,9.52,9.52,20975
HFR.TO,10 Apr 2017,10.09,10.1,10.08,10.1,51686
HFU.TO,10 Apr 2017,34.48,34.53,34.45,34.47,2919
HFY.TO,10 Apr 2017,16.36,16.36,16.36,16.36,0
HGC.TO,10 Apr 2017,10.55,10.55,10.54,10.54,729
HGD.TO,10 Apr 2017,8.16,8.35,8,8.02,1388818
HGI.UN.TO,10 Apr 2017,9.87,9.87,9.85,9.85,2600
HGM.TO,10 Apr 2017,10.55,10.55,10.55,10.55,0
HGU.TO,10 Apr 2017,17.17,17.66,16.88,17.62,1211228
HGY.TO,10 Apr 2017,5.18,5.19,5.18,5.19,6100
HHF.TO,10 Apr 2017,13.9,13.9,13.85,13.85,6223
HHL.TO,10 Apr 2017,8.32,8.32,8.25,8.25,62758
HHL.U.TO,10 Apr 2017,8.21,8.22,8.19,8.19,20350
HID.TO,10 Apr 2017,20.39,20.39,20.39,20.39,0
HIG.UN.TO,10 Apr 2017,8.9,8.9,8.9,8.9,1800
HII.TO,10 Apr 2017,11.87,11.87,11.87,11.87,0
HIU.TO,10 Apr 2017,32.96,33.01,32.89,32.89,1814
HIX.TO,10 Apr 2017,6.57,6.57,6.54,6.55,486646
HLC.TO,10 Apr 2017,5.48,5.5,5.48,5.5,2100
HLC.DB.TO,10 Apr 2017,97,97.01,96.99,97.01,4000
HLC.DB.A.TO,10 Apr 2017,100.5,100.5,100.5,100.5,0
HLF.TO,10 Apr 2017,18.1,18.37,18.05,18.27,18700
HLP.DB.U.TO,10 Apr 2017,99.85,99.85,99.85,99.85,0
HLP.U.TO,10 Apr 2017,9.94,9.96,9.88,9.91,48260
HMF.TO,10 Apr 2017,9.55,9.55,9.55,9.55,100
HMM.A.TO,10 Apr 2017,2,2,2,2,8525
HMMJ.TO,10 Apr 2017,11.1,11.93,11.04,11.84,2039371
HMP.TO,10 Apr 2017,9.93,9.93,9.9,9.9,16805
HND.TO,10 Apr 2017,10.2,10.31,10.12,10.24,653768
HNL.TO,10 Apr 2017,1.79,1.79,1.75,1.75,214209
HNU.TO,10 Apr 2017,8.59,8.69,8.51,8.56,810472
HNY.TO,10 Apr 2017,14.49,14.49,14.49,14.49,619
HNZ.TO,10 Apr 2017,13.6,13.7,13.58,13.7,5860
HOD.TO,10 Apr 2017,9.78,9.83,9.66,9.67,898026
HOG.TO,10 Apr 2017,9.95,10.02,9.95,10.02,2700
HOT.UN.TO,10 Apr 2017,10.86,10.91,10.84,10.85,52570
HOU.TO,10 Apr 2017,7.71,7.81,7.68,7.79,2455386
HPF.TO,10 Apr 2017,5.77,5.8,5.77,5.79,18259
HPF.U.TO,10 Apr 2017,5.92,5.92,5.92,5.92,0
HPR.TO,10 Apr 2017,9.45,9.49,9.45,9.45,91892
HPS.A.TO,10 Apr 2017,6.5,6.5,6.49,6.5,2380
HQD.TO,10 Apr 2017,13.28,13.4,13.26,13.29,17600
HQU.TO,10 Apr 2017,40.74,40.92,40.5,40.69,14765
HR.DB.D.TO,10 Apr 2017,105.2,105.5,104.75,104.75,159000
HR.UN.TO,10 Apr 2017,23.16,23.3,23.1,23.3,322022
HRA.TO,10 Apr 2017,9.96,9.96,9.85,9.85,1000
HRR.UN.TO,10 Apr 2017,11.16,11.2,11.16,11.2,3425
HRT.TO,10 Apr 2017,0.71,0.78,0.71,0.76,1508091
HRX.TO,10 Apr 2017,12,12,11.97,11.99,10055
HSB.PR.C.TO,10 Apr 2017,25.37,25.48,25.37,25.39,1190
HSB.PR.D.TO,10 Apr 2017,25.46,25.46,25.46,25.46,700
HSD.TO,10 Apr 2017,6.02,6.04,5.97,6.01,160967
HSE.TO,10 Apr 2017,15.24,15.45,15.21,15.37,1279849
HSE.PR.A.TO,10 Apr 2017,16.7,16.7,16.69,16.7,9900
HSE.PR.B.TO,10 Apr 2017,15.98,15.98,15.98,15.98,0
HSE.PR.C.TO,10 Apr 2017,23.78,23.94,23.68,23.94,7870
HSE.PR.E.TO,10 Apr 2017,24.55,24.76,24.5,24.76,14110
HSE.PR.G.TO,10 Apr 2017,24.73,24.75,24.53,24.64,6168
HSH.TO,10 Apr 2017,55.23,55.23,55.23,55.23,141
HSL.TO,10 Apr 2017,9.9,9.91,9.9,9.91,1217
HSM.TO,10 Apr 2017,2.08,2.1,2.05,2.06,90490
HSU.TO,10 Apr 2017,40.14,40.42,40,40.19,84350
HTB.TO,10 Apr 2017,54,54,53.75,53.75,569
HTB.U.TO,10 Apr 2017,40.31,40.31,40.31,40.31,100
HTH.TO,10 Apr 2017,48.38,48.38,48.38,48.38,0
HTO.UN.TO,10 Apr 2017,8.61,8.64,8.61,8.64,3500
HUC.TO,10 Apr 2017,12.2,12.28,12.2,12.28,4338
HUF.TO,10 Apr 2017,13.47,13.48,13.47,13.48,3559
HUF.U.TO,10 Apr 2017,10.09,10.09,10.09,10.09,181
HUG.TO,10 Apr 2017,11.6,11.6,11.6,11.6,0
HUL.TO,10 Apr 2017,8.37,8.37,8.37,8.37,1300
HUN.TO,10 Apr 2017,7.07,7.15,7.07,7.15,7300
HUV.TO,10 Apr 2017,5.9,5.94,5.88,5.89,7159
HUZ.TO,10 Apr 2017,10.2,10.2,10.17,10.19,1100
HVI.TO,10 Apr 2017,24.41,24.7,23.6,23.6,780610
HVU.TO,10 Apr 2017,8.15,8.7,7.99,8.69,1154765
HWD.TO,10 Apr 2017,17.19,17.19,16.98,16.98,9584
HWF.UN.TO,10 Apr 2017,9.86,9.97,9.86,9.97,6350
HWO.TO,10 Apr 2017,5.35,5.4,5.32,5.32,86552
HXD.TO,10 Apr 2017,6.57,6.57,6.46,6.48,318130
HXE.TO,10 Apr 2017,21.26,21.26,21.24,21.24,6851
HXF.TO,10 Apr 2017,38.5,38.5,38.5,38.5,1334
HXH.TO,10 Apr 2017,30.07,30.07,29.91,29.91,850
HXQ.TO,10 Apr 2017,40.26,40.31,40.1,40.1,2253
HXS.TO,10 Apr 2017,58.46,58.52,58.22,58.22,15305
HXS.U.TO,10 Apr 2017,43.77,43.79,43.6,43.73,1930
HXT.TO,10 Apr 2017,31.55,31.7,31.47,31.64,375141
HXT.U.TO,10 Apr 2017,23.5,23.7,23.5,23.7,300
HXU.TO,10 Apr 2017,33.51,33.95,33.46,33.8,212157
HXX.TO,10 Apr 2017,28.1,28.1,27.95,27.95,3570
HYD.TO,10 Apr 2017,0.5,0.5,0.5,0.5,44000
HYG.TO,10 Apr 2017,9.77,9.93,9.5,9.52,3309
HYI.TO,10 Apr 2017,10.24,10.24,10.2,10.22,10865
HZD.TO,10 Apr 2017,5.73,5.79,5.65,5.69,140389
HZM.TO,10 Apr 2017,0.05,0.05,0.05,0.05,0
HZU.TO,10 Apr 2017,18.34,18.58,18.14,18.54,10801
IAG.TO,10 Apr 2017,57.16,57.36,56.87,57.14,122030
IAG.PR.A.TO,10 Apr 2017,23.48,23.52,23.48,23.52,1250
IAG.PR.G.TO,10 Apr 2017,23.59,23.69,23.5,23.5,13161
IAM.TO,10 Apr 2017,1.41,1.43,1.41,1.43,3900
IBG.TO,10 Apr 2017,7.1,7.29,7.03,7.25,79160
IBG.DB.C.TO,10 Apr 2017,102.5,102.5,102.5,102.5,0
IBG.DB.D.TO,10 Apr 2017,107,107,106,106,50000
ICE.TO,10 Apr 2017,3.89,3.9,3.89,3.9,1735
IDG.TO,10 Apr 2017,16.96,16.96,16.87,16.9,1526
IDR.UN.TO,10 Apr 2017,12.55,12.64,12.55,12.64,1601
IFA.TO,10 Apr 2017,2.88,2.93,2.88,2.93,3030
IFB.UN.TO,10 Apr 2017,8.46,8.53,8.46,8.53,2200
IFC.TO,10 Apr 2017,94.56,94.73,94.3,94.44,117681
IFC.PR.A.TO,10 Apr 2017,18.96,19.05,18.91,18.96,19900
IFC.PR.C.TO,10 Apr 2017,22.16,22.24,22,22.14,134200
IFC.PR.D.TO,10 Apr 2017,21.5,21.5,21.5,21.5,0
IFL.UN.TO,10 Apr 2017,8.17,8.18,8.17,8.18,3149
IFP.TO,10 Apr 2017,18.59,18.73,18.45,18.63,189888
IGM.TO,10 Apr 2017,39.33,39.79,39.33,39.71,761840
IGM.PR.B.TO,10 Apr 2017,25.73,25.85,25.64,25.85,4075
III.TO,10 Apr 2017,6.05,6.25,5.9,6.17,50460
IIP.UN.TO,10 Apr 2017,7.79,7.8,7.7,7.78,622711
ILV.TO,10 Apr 2017,22.47,22.47,22.47,22.47,1200
IMG.TO,10 Apr 2017,5.61,5.63,5.5,5.6,1647235
IMO.TO,10 Apr 2017,40.69,41.52,40.61,41.28,613056
IMP.TO,10 Apr 2017,0.07,0.07,0.07,0.07,353800
IMV.TO,10 Apr 2017,1.08,1.12,1.08,1.1,68585
INC.UN.TO,10 Apr 2017,15.78,15.78,15.7,15.71,901
INE.TO,10 Apr 2017,14.34,14.58,14.29,14.5,67207
INE.DB.A.TO,10 Apr 2017,108,108,108,108,0
INE.PR.A.TO,10 Apr 2017,17.01,17.1,17,17.1,1900
INE.PR.C.TO,10 Apr 2017,22.92,23.2,22.92,23.18,3500
INO.UN.TO,10 Apr 2017,9.61,9.61,9.49,9.51,35148
INQ.TO,10 Apr 2017,4.25,4.25,4.25,4.25,0
INSR.TO,10 Apr 2017,20,20,20,20,0
INV.TO,10 Apr 2017,0.85,0.9,0.85,0.9,8600
IPCI.TO,10 Apr 2017,2.9,2.9,2.48,2.82,40104
IPL.TO,10 Apr 2017,28.14,28.35,28.03,28.25,751987
IPO.TO,10 Apr 2017,2.07,2.13,2.03,2.05,178145
IQD.TO,10 Apr 2017,22.02,22.02,22.02,22.02,0
IQD.B.TO,10 Apr 2017,21.52,21.52,21.52,21.52,0
IRG.TO,10 Apr 2017,3.73,3.73,3.66,3.71,82944
IRON.TO,10 Apr 2017,0.45,0.46,0.42,0.42,59800
ISL.U.TO,10 Apr 2017,8.4,8.4,8.4,8.4,0
ISL.UN.TO,10 Apr 2017,9.2,9.2,9.2,9.2,0
ISV.TO,10 Apr 2017,19,19,18.8,19,6290
ITC.TO,10 Apr 2017,2.7,2.71,2.51,2.6,41567
ITH.TO,10 Apr 2017,0.7,0.71,0.67,0.69,41573
ITP.TO,10 Apr 2017,23.37,23.58,23.2,23.47,115033
ITX.TO,10 Apr 2017,8.98,9,8.88,8.99,25069
IVN.TO,10 Apr 2017,4.94,5,4.85,4.96,3063807
JAG.TO,10 Apr 2017,0.63,0.65,0.62,0.63,155477
JE.TO,10 Apr 2017,8.19,8.43,8.19,8.4,202264
JE.DB.B.TO,10 Apr 2017,100.94,100.94,100.8,100.9,166000
JE.DB.C.TO,10 Apr 2017,106.5,106.5,106.5,106.5,0
JE.PR.U.TO,10 Apr 2017,25.35,25.5,25.35,25.5,5299
JFS.UN.TO,10 Apr 2017,14.61,14.64,14.6,14.64,3540
JOY.TO,10 Apr 2017,2.87,2.9,2.81,2.9,7743
K.TO,10 Apr 2017,4.72,4.82,4.68,4.79,2488350
KAT.TO,10 Apr 2017,0.44,0.5,0.41,0.43,5760223
KBL.TO,10 Apr 2017,39.63,39.64,39,39,12366
KDX.TO,10 Apr 2017,5.22,5.27,5.06,5.26,660395
KEG.UN.TO,10 Apr 2017,20.16,20.39,20.16,20.3,6909
KEL.TO,10 Apr 2017,7.3,7.48,7.3,7.36,1023538
KEL.DB.TO,10 Apr 2017,145,145,145,145,0
KER.TO,10 Apr 2017,0.19,0.19,0.18,0.19,52355
KEW.TO,10 Apr 2017,10.77,10.77,10.77,10.77,0
KEW.WT.TO,10 Apr 2017,2,2,2,2,250000
KEY.TO,10 Apr 2017,39,39.24,38.88,39.1,241086
KFS.TO,10 Apr 2017,7.64,7.64,7.64,7.64,0
KFS.WT.V.TO,10 Apr 2017,2.6,2.6,2.6,2.6,0
KL.TO,10 Apr 2017,9.73,10.02,9.71,10.01,460620
KLG.DB.A.TO,10 Apr 2017,103.5,103.5,103.5,103.5,0
KLS.TO,10 Apr 2017,1.02,1.03,1.01,1.03,53600
KMP.UN.TO,10 Apr 2017,12.9,12.95,12.83,12.93,51763
KOR.TO,10 Apr 2017,0.85,0.88,0.84,0.84,9400
KPT.TO,10 Apr 2017,15.8,15.92,15.75,15.77,1579
KRN.TO,10 Apr 2017,0.71,0.71,0.71,0.71,2289
KWH.UN.TO,10 Apr 2017,10.19,10.23,10.03,10.09,116811
KXS.TO,10 Apr 2017,76.47,77.9,76.47,77.2,59123
L.TO,10 Apr 2017,70.3,71.18,70.26,70.92,542350
L.PR.B.TO,10 Apr 2017,25.45,25.9,25.45,25.9,8863
LAC.TO,10 Apr 2017,0.92,0.94,0.91,0.93,465833
LAM.TO,10 Apr 2017,0.57,0.62,0.56,0.59,192269
LAS.A.TO,10 Apr 2017,235.03,238.9,235.03,236.8,2469
LB.TO,10 Apr 2017,58.74,58.95,58.5,58.72,90505
LB.PR.F.TO,10 Apr 2017,24.52,24.61,24.52,24.52,5989
LB.PR.H.TO,10 Apr 2017,22.96,22.96,22.81,22.88,3465
LB.PR.J.TO,10 Apr 2017,27.28,27.28,27.01,27.19,1825
LBS.TO,10 Apr 2017,9.94,9.95,9.87,9.87,12747
LBS.PR.A.TO,10 Apr 2017,10.25,10.25,10.25,10.25,4275
LCS.TO,10 Apr 2017,6.95,6.95,6.9,6.9,14600
LCS.PR.A.TO,10 Apr 2017,10.33,10.33,10.32,10.32,5000
LFE.TO,10 Apr 2017,6.02,6.08,6.02,6.03,23280
LFE.PR.B.TO,10 Apr 2017,10.37,10.38,10.36,10.36,16827
LFX.TO,10 Apr 2017,0.85,0.85,0.85,0.85,0
LGD.TO,10 Apr 2017,0.54,0.54,0.5,0.5,45159
LGO.TO,10 Apr 2017,0.49,0.51,0.49,0.5,12840
LGQ.TO,10 Apr 2017,0.09,0.09,0.08,0.08,490569
LGQ.DB.A.TO,10 Apr 2017,87,87.01,87,87,16000
LGT.A.TO,10 Apr 2017,38,38,38,38,0
LGT.B.TO,10 Apr 2017,35.75,35.75,35.3,35.3,2100
LIF.TO,10 Apr 2017,18.43,18.69,18.31,18.64,77832
LIQ.TO,10 Apr 2017,9.66,9.76,9.63,9.72,32023
LIQ.DB.B.TO,10 Apr 2017,103,103.01,103,103,12000
LN.TO,10 Apr 2017,0.17,0.17,0.17,0.17,0
LNF.TO,10 Apr 2017,16.95,16.95,16.72,16.72,8940
LNR.TO,10 Apr 2017,56,56.7,55.85,56.08,341339
LOW.UN.TO,10 Apr 2017,9.84,9.85,9.83,9.85,4318
LRT.DB.G.TO,10 Apr 2017,17.04,17.04,17.02,17.02,20000
LRT.UN.TO,10 Apr 2017,0.06,0.06,0.06,0.06,10000
LUC.TO,10 Apr 2017,3.14,3.17,3.14,3.16,137989
LUG.TO,10 Apr 2017,5.97,6.07,5.94,6,25485
LUN.TO,10 Apr 2017,7.53,7.65,7.5,7.61,1102858
LVN.TO,10 Apr 2017,0.46,0.46,0.44,0.45,66300
LVU.UN.TO,10 Apr 2017,9.97,9.98,9.93,9.93,2200
LYD.TO,10 Apr 2017,0.39,0.4,0.39,0.39,44042
MAG.TO,10 Apr 2017,18.58,18.93,18.5,18.68,201671
MAL.TO,10 Apr 2017,20.49,20.51,20,20.28,21752
MAR.TO,10 Apr 2017,0.48,0.48,0.48,0.48,0
MAW.TO,10 Apr 2017,0.42,0.42,0.42,0.42,12324
MAX.TO,10 Apr 2017,0.78,0.8,0.77,0.77,121063
MBA.TO,10 Apr 2017,0.7,0.7,0.69,0.7,58350
MBB.UN.TO,10 Apr 2017,8.75,8.75,8.75,8.75,0
MBK.UN.TO,10 Apr 2017,12.02,12.02,11.85,11.97,6850
MBN.TO,10 Apr 2017,6.05,6.05,6.05,6.05,300
MBX.TO,10 Apr 2017,0.25,0.26,0.25,0.25,89650
MCB.TO,10 Apr 2017,1.82,1.85,1.8,1.83,14600
MDF.TO,10 Apr 2017,15.93,15.97,15.83,15.87,2500
MDI.TO,10 Apr 2017,7.77,7.99,7.69,7.92,45600
MDS.UN.TO,10 Apr 2017,9.48,9.48,9.48,9.48,300
ME.TO,10 Apr 2017,0.18,0.18,0.17,0.17,187600
MEE.TO,10 Apr 2017,21.97,21.97,21.89,21.89,21202
MEG.TO,10 Apr 2017,7.1,7.25,7.03,7.14,1478448
MEQ.TO,10 Apr 2017,36.62,36.64,36.62,36.63,340
MEU.TO,10 Apr 2017,20.99,21.01,20.99,21.01,300
MFC.TO,10 Apr 2017,23.35,23.46,23.24,23.35,4739247
MFC.PR.B.TO,10 Apr 2017,23.76,23.97,23.67,23.93,9434
MFC.PR.C.TO,10 Apr 2017,22.85,22.98,22.82,22.93,6390
MFC.PR.F.TO,10 Apr 2017,15.9,15.97,15.64,15.89,12120
MFC.PR.G.TO,10 Apr 2017,24.17,24.17,23.92,24.04,4263
MFC.PR.H.TO,10 Apr 2017,25,25.05,24.96,24.96,12940
MFC.PR.I.TO,10 Apr 2017,23.49,23.7,23.43,23.55,13675
MFC.PR.J.TO,10 Apr 2017,23.54,23.66,23.4,23.45,5100
MFC.PR.K.TO,10 Apr 2017,21.82,21.95,21.6,21.73,8919
MFC.PR.L.TO,10 Apr 2017,21.65,21.89,21.63,21.69,13000
MFC.PR.M.TO,10 Apr 2017,22.37,22.45,22.25,22.34,11100
MFC.PR.N.TO,10 Apr 2017,22.24,22.43,22.21,22.28,8100
MFC.PR.O.TO,10 Apr 2017,27.49,27.62,27.47,27.61,8532
MFC.PR.P.TO,10 Apr 2017,15.2,15.2,15.2,15.2,600
MFC.PR.R.TO,10 Apr 2017,25.99,26.18,25.98,26.03,10801
MFI.TO,10 Apr 2017,32.06,32.24,31.87,32.17,91007
MFR.UN.TO,10 Apr 2017,9.71,9.73,9.6,9.65,4600
MFT.TO,10 Apr 2017,21.12,21.12,21.12,21.12,390
MG.TO,10 Apr 2017,53.63,53.99,53.45,53.63,692945
MGA.TO,10 Apr 2017,0.21,0.23,0.21,0.22,1248100
MGB.TO,10 Apr 2017,20.2,20.2,20.2,20.2,342
MIC.TO,10 Apr 2017,37.26,37.43,37.01,37.14,77772
MID.UN.TO,10 Apr 2017,7.01,7.07,6.98,7.07,57182
MIF.UN.TO,10 Apr 2017,6.02,6.02,6.02,6.02,160
MIN.TO,10 Apr 2017,0.82,0.82,0.8,0.8,110860
MKB.TO,10 Apr 2017,20.31,20.31,20.31,20.31,0
MKC.TO,10 Apr 2017,21.71,21.74,21.71,21.74,143463
MKP.TO,10 Apr 2017,15.09,15.15,15.09,15.1,17043
MKZ.UN.TO,10 Apr 2017,0.96,0.96,0.96,0.96,750
MLD.UN.TO,10 Apr 2017,10.15,10.15,10.15,10.15,0
MMP.UN.TO,10 Apr 2017,2.67,2.7,2.67,2.68,7145
MND.TO,10 Apr 2017,0.59,0.6,0.58,0.59,363844
MNS.TO,10 Apr 2017,14.38,14.38,14.38,14.38,0
MNT.TO,10 Apr 2017,17.81,17.85,17.74,17.74,6161
MNW.TO,10 Apr 2017,9.16,9.18,9.02,9.07,29794
MOGO.TO,10 Apr 2017,3.14,3.34,3.11,3.11,324101
MOZ.TO,10 Apr 2017,1.05,1.05,1,1.02,231250
MPC.TO,10 Apr 2017,3.31,3.31,3.31,3.31,0
MPC.C.TO,10 Apr 2017,3.15,3.15,3.15,3.15,0
MPVD.TO,10 Apr 2017,4.49,4.51,4.46,4.5,51264
MQI.UN.TO,10 Apr 2017,9.68,9.68,9.68,9.68,310
MR.DB.TO,10 Apr 2017,102.5,102.5,102.5,102.5,0
MR.UN.TO,10 Apr 2017,8.5,8.52,8.48,8.52,5725
MRC.TO,10 Apr 2017,185.5,186.25,185.15,185.15,2230
MRD.TO,10 Apr 2017,16.99,16.99,16.6,16.7,7806
MRE.TO,10 Apr 2017,9.38,9.6,9.36,9.48,210321
MRG.DB.TO,10 Apr 2017,102.25,102.25,102.25,102.25,2000
MRG.UN.TO,10 Apr 2017,15.1,15.3,15.05,15.25,20350
MRT.DB.TO,10 Apr 2017,103.5,103.5,103,103,19000
MRT.UN.TO,10 Apr 2017,15.89,15.94,15.71,15.78,17035
MRU.TO,10 Apr 2017,40.96,41.5,40.96,41.46,249090
MSI.TO,10 Apr 2017,20.48,20.48,20.14,20.18,44489
MSI.DB.A.TO,10 Apr 2017,106.46,106.46,106.46,106.46,0
MSV.TO,10 Apr 2017,1.12,1.14,1.1,1.11,52688
MTL.TO,10 Apr 2017,16.84,17.09,16.84,17.05,109909
MTY.TO,10 Apr 2017,48.8,49.05,47.02,48.5,58277
MUB.TO,10 Apr 2017,21.16,21.18,21.16,21.16,2687
MUS.TO,10 Apr 2017,22.55,22.55,22.55,22.55,300
MUX.TO,10 Apr 2017,4.23,4.25,4.15,4.19,402677
MWD.TO,10 Apr 2017,20.92,20.92,20.92,20.92,2596
MX.TO,10 Apr 2017,64.15,64.6,63.69,64.26,185893
MXF.TO,10 Apr 2017,15.75,15.75,15.75,15.75,0
MXG.TO,10 Apr 2017,2.71,2.73,2.7,2.7,6959
MXU.TO,10 Apr 2017,20.83,20.83,20.83,20.83,0
NA.TO,10 Apr 2017,55.89,56.15,55.73,56.02,708813
NA.PR.A.TO,10 Apr 2017,27.09,27.12,26.97,27.12,14240
NA.PR.S.TO,10 Apr 2017,23.01,23.1,23,23,7119
NA.PR.W.TO,10 Apr 2017,22.2,22.38,22.11,22.23,35400
NA.PR.X.TO,10 Apr 2017,27.13,27.26,27.12,27.26,18910
NAF.UN.TO,10 Apr 2017,21.39,21.39,21.39,21.39,0
NAL.TO,10 Apr 2017,2.27,2.28,2.24,2.24,49385
NB.TO,10 Apr 2017,0.74,0.74,0.72,0.74,68979
NCA.TO,10 Apr 2017,0.82,0.83,0.79,0.81,252591
NCC.A.TO,10 Apr 2017,10.3,10.3,10.3,10.3,100
NCD.UN.TO,10 Apr 2017,7.23,7.23,7.23,7.23,1600
NCF.TO,10 Apr 2017,0.19,0.19,0.19,0.19,40000
NCU.TO,10 Apr 2017,0.65,0.65,0.65,0.65,0
NDM.TO,10 Apr 2017,1.75,1.86,1.71,1.84,1439154
NDM.WT.A.TO,10 Apr 2017,1.28,1.28,1.28,1.28,140
NDM.WT.B.TO,10 Apr 2017,1.19,1.19,1.19,1.19,5000
NEPT.TO,10 Apr 2017,1.36,1.37,1.34,1.35,23852
NEW.A.TO,10 Apr 2017,42.46,42.46,42.46,42.46,0
NEW.PR.D.TO,10 Apr 2017,32.25,32.25,32.25,32.25,0
NFI.TO,10 Apr 2017,49.48,49.8,49.09,49.71,150245
NG.TO,10 Apr 2017,6.48,6.58,6.44,6.51,198407
NGD.TO,10 Apr 2017,4.03,4.06,3.98,4.03,643604
NGI.UN.TO,10 Apr 2017,7.58,7.59,7.58,7.58,5800
NGQ.TO,10 Apr 2017,1,1,1,1,218
NIF.UN.TO,10 Apr 2017,1.66,1.68,1.65,1.68,21812
NKO.TO,10 Apr 2017,0.09,0.09,0.09,0.09,106100
NKO.NT.TO,10 Apr 2017,2,2,2,2,0
NLN.TO,10 Apr 2017,0.8,0.84,0.8,0.8,41788
NML.TO,10 Apr 2017,0.2,0.21,0.2,0.2,76800
NMX.TO,10 Apr 2017,1.33,1.36,1.33,1.34,522732
NMX.WT.TO,10 Apr 2017,0.38,0.38,0.35,0.38,21300
NOA.TO,10 Apr 2017,7.09,7.15,6.93,7,21738
NOA.DB.TO,10 Apr 2017,98.2,98.25,98.1,98.25,104000
NPC.TO,10 Apr 2017,1.04,1.05,1.04,1.04,17100
NPF.UN.TO,10 Apr 2017,22.8,22.95,22.8,22.95,3145
NPI.TO,10 Apr 2017,24.69,24.93,24.55,24.88,185821
NPI.DB.B.TO,10 Apr 2017,117.5,117.5,117.5,117.5,25000
NPI.DB.C.TO,10 Apr 2017,117.7,117.7,117.7,117.7,10000
NPI.PR.A.TO,10 Apr 2017,19.35,19.4,19.35,19.4,1100
NPI.PR.B.TO,10 Apr 2017,18.75,18.75,18.75,18.75,0
NPI.PR.C.TO,10 Apr 2017,23.27,23.35,23.26,23.27,2900
NPK.TO,10 Apr 2017,0.6,0.6,0.6,0.6,4000
NPS.TO,10 Apr 2017,0.19,0.19,0.19,0.19,8000
NRGY.UN.TO,10 Apr 2017,7.81,7.86,7.81,7.86,1200
NRI.TO,10 Apr 2017,5.35,5.49,5.32,5.49,12844
NSU.TO,10 Apr 2017,3.43,3.44,3.38,3.39,225289
NUS.TO,10 Apr 2017,0.22,0.23,0.22,0.22,43421
NVA.TO,10 Apr 2017,6.51,6.65,6.5,6.61,287290
NVCN.TO,10 Apr 2017,2.26,2.37,2.25,2.28,65005
NVU.DB.TO,10 Apr 2017,103.5,103.5,103.5,103.5,0
NVU.UN.TO,10 Apr 2017,22.48,22.56,22.36,22.53,190254
NWC.TO,10 Apr 2017,31.6,31.78,31.29,31.74,80348
NWH.DB.TO,10 Apr 2017,103,103,103,103,0
NWH.DB.C.TO,10 Apr 2017,104.75,104.75,104.75,104.75,0
NWH.DB.D.TO,10 Apr 2017,106.99,106.99,106.99,106.99,0
NWH.DB.E.TO,10 Apr 2017,104,104,104,104,0
NWH.DB.F.TO,10 Apr 2017,103.25,103.5,103.15,103.5,55000
NWH.UN.TO,10 Apr 2017,10.89,10.89,10.8,10.85,214269
NXC.TO,10 Apr 2017,12.5,12.5,12.5,12.5,500
NXE.TO,10 Apr 2017,3.24,3.5,3.21,3.45,1557124
NXF.TO,10 Apr 2017,8.07,8.12,8.07,8.09,19900
NXF.B.TO,10 Apr 2017,8.93,8.93,8.93,8.93,2000
NXJ.TO,10 Apr 2017,4.45,4.45,4.27,4.27,22390
OCS.UN.TO,10 Apr 2017,7.13,7.16,7.11,7.11,10288
OGC.TO,10 Apr 2017,4.2,4.31,4.17,4.27,803991
OGD.TO,10 Apr 2017,1.94,1.94,1.94,1.94,0
OLY.TO,10 Apr 2017,29.25,29.25,29,29,300
OMI.TO,10 Apr 2017,0.26,0.26,0.26,0.26,41437
ONC.TO,10 Apr 2017,0.75,0.78,0.73,0.78,342729
ONEX.TO,10 Apr 2017,95.24,95.76,94.75,95.2,59647
OPS.TO,10 Apr 2017,1.5,1.52,1.5,1.5,9800
OR.TO,10 Apr 2017,14.85,14.98,14.74,14.97,235107
OR.WT.TO,10 Apr 2017,2.75,2.75,2.75,2.75,0
OR.WT.A.TO,10 Apr 2017,2.03,2.03,2.03,2.03,1000
ORA.TO,10 Apr 2017,1.53,1.53,1.53,1.53,0
ORL.TO,10 Apr 2017,3.06,3.06,2.96,3,76027
ORV.TO,10 Apr 2017,0.22,0.22,0.21,0.22,98719
OSB.TO,10 Apr 2017,40.7,41.31,40.61,40.94,233616
OSF.UN.TO,10 Apr 2017,4.44,4.49,4.44,4.49,10499
OSK.TO,10 Apr 2017,5.63,5.65,5.34,5.45,1606515
OSK.WT.TO,10 Apr 2017,0.14,0.14,0.12,0.13,1410541
OSL.UN.TO,10 Apr 2017,10.14,10.14,10.1,10.11,15575
OSP.TO,10 Apr 2017,9.44,9.45,9.44,9.45,925
OSP.PR.A.TO,10 Apr 2017,10.08,10.08,10.08,10.08,0
OTEX.TO,10 Apr 2017,44.3,44.59,44.13,44.52,152255
OXC.TO,10 Apr 2017,0.32,0.32,0.29,0.29,59000
OXF.TO,10 Apr 2017,10.91,10.91,10.91,10.91,0
P.TO,10 Apr 2017,0.73,0.74,0.72,0.74,174713
P.DB.V.TO,10 Apr 2017,64,64,64,64,0
P.WT.C.TO,10 Apr 2017,0.05,0.05,0.05,0.05,0
PAAS.TO,10 Apr 2017,24,24,23.55,23.92,166329
PAR.DB.B.TO,10 Apr 2017,100,100,99.99,100,98999
PAR.UN.TO,10 Apr 2017,3.61,3.62,3.57,3.6,19182
PATH.TO,10 Apr 2017,3,3,3,3,1000
PAY.TO,10 Apr 2017,0.17,0.18,0.17,0.18,102000
PBD.TO,10 Apr 2017,19.58,19.64,19.58,19.63,853
PBH.TO,10 Apr 2017,81.5,83.59,81.41,83.47,136433
PBH.DB.D.TO,10 Apr 2017,186,187.9,186,187.9,75000
PBH.DB.E.TO,10 Apr 2017,112,112,112,112,136000
PBH.DB.F.TO,10 Apr 2017,107,107,107,107,0
PBI.TO,10 Apr 2017,24.49,24.49,24.49,24.49,0
PBI.B.TO,10 Apr 2017,26.43,26.43,26.43,26.43,0
PBL.TO,10 Apr 2017,10,10,10,10,461
PBY.UN.TO,10 Apr 2017,10.9,10.92,10.9,10.9,8350
PCD.UN.TO,10 Apr 2017,8.9,8.91,8.9,8.9,4729
PCF.U.TO,10 Apr 2017,7.13,7.13,7.13,7.13,100
PCF.UN.TO,10 Apr 2017,7.2,7.2,7.13,7.14,2800
PCY.TO,10 Apr 2017,3.58,3.85,3.58,3.8,9273
PD.TO,10 Apr 2017,6.53,6.62,6.45,6.58,2620729
PDC.TO,10 Apr 2017,28.01,28.12,27.99,28.11,8823
PDF.TO,10 Apr 2017,27.31,27.31,27.24,27.29,10986
PDL.TO,10 Apr 2017,5.4,5.5,5.35,5.49,1429
PDV.TO,10 Apr 2017,7.38,7.38,7.3,7.3,2800
PDV.PR.A.TO,10 Apr 2017,10.25,10.25,10.25,10.25,0
PEGI.TO,10 Apr 2017,27.94,28,27.8,27.9,4165
PEU.TO,10 Apr 2017,24.39,24.39,24.39,24.39,100
PEY.TO,10 Apr 2017,27.36,27.71,27.17,27.61,277838
PFB.TO,10 Apr 2017,9.45,9.6,9.43,9.6,6500
PFD.UN.TO,10 Apr 2017,22.16,22.16,22.16,22.16,1180
PFH.F.TO,10 Apr 2017,20.41,20.44,20.41,20.43,3820
PFL.TO,10 Apr 2017,19.91,19.91,19.91,19.91,2300
PFT.UN.TO,10 Apr 2017,9.51,9.51,9.51,9.51,0
PFU.UN.TO,10 Apr 2017,9.9,9.9,9.9,9.9,0
PG.TO,10 Apr 2017,3.28,3.37,3.24,3.32,555339
PGD.TO,10 Apr 2017,0.19,0.19,0.18,0.19,158709
PGF.TO,10 Apr 2017,1.46,1.53,1.44,1.52,2018117
PGI.UN.TO,10 Apr 2017,9.14,9.14,9.12,9.14,19371
PGL.TO,10 Apr 2017,22.95,22.95,22.93,22.94,20400
PGLC.TO,10 Apr 2017,3.78,3.78,3.78,3.78,218
PHE.TO,10 Apr 2017,23.62,23.62,23.62,23.62,0
PHE.B.TO,10 Apr 2017,24.76,24.76,24.76,24.76,0
PHR.TO,10 Apr 2017,20.72,20.72,20.72,20.72,1640
PHW.TO,10 Apr 2017,19.24,19.24,19.24,19.24,0
PHX.TO,10 Apr 2017,3.76,3.9,3.71,3.87,23245
PHYS.U.TO,10 Apr 2017,10.28,10.28,10.28,10.28,649
PIC.A.TO,10 Apr 2017,7.5,7.5,7.3,7.42,29516
PIC.PR.A.TO,10 Apr 2017,15.39,15.42,15.39,15.42,2485
PID.TO,10 Apr 2017,20.09,20.09,20.09,20.09,378
PIF.TO,10 Apr 2017,14.79,14.83,14.61,14.65,25510
PIN.TO,10 Apr 2017,19.76,19.76,19.76,19.76,220
PJC.A.TO,10 Apr 2017,19.96,20.13,19.96,20.11,117958
PKI.TO,10 Apr 2017,29.32,29.75,29.27,29.66,115800
PLC.TO,10 Apr 2017,17.46,17.8,17.46,17.8,15076
PLI.TO,10 Apr 2017,2.18,2.19,2.15,2.16,784592
PLV.TO,10 Apr 2017,21.69,21.69,21.69,21.69,447
PLZ.DB.D.TO,10 Apr 2017,101.75,101.75,101.75,101.75,0
PLZ.UN.TO,10 Apr 2017,4.9,4.9,4.87,4.88,91274
PMB.UN.TO,10 Apr 2017,8.65,8.65,8.65,8.65,0
PME.TO,10 Apr 2017,3.07,3.09,3.05,3.05,17416
PMM.TO,10 Apr 2017,22.07,22.07,22.06,22.06,320
PMN.TO,10 Apr 2017,0.16,0.16,0.16,0.16,138750
PMT.TO,10 Apr 2017,1.61,1.61,1.51,1.6,190504
PMTS.TO,10 Apr 2017,5.32,5.32,5.32,5.32,0
PNC.B.TO,10 Apr 2017,0.69,0.69,0.69,0.69,0
PNE.TO,10 Apr 2017,0.74,0.75,0.72,0.72,103732
PNP.TO,10 Apr 2017,1.7,1.8,1.7,1.8,8354
POM.TO,10 Apr 2017,1.01,1.01,1.01,1.01,1600
POT.TO,10 Apr 2017,22.51,22.55,22.37,22.47,956685
POU.TO,10 Apr 2017,17.9,18.18,17.86,18.08,151271
POW.TO,10 Apr 2017,31.19,31.35,31.13,31.25,579110
POW.PR.A.TO,10 Apr 2017,25.96,25.96,25.83,25.94,1550
POW.PR.B.TO,10 Apr 2017,25.47,25.51,25.35,25.5,15937
POW.PR.C.TO,10 Apr 2017,25.82,25.97,25.82,25.97,6700
POW.PR.D.TO,10 Apr 2017,24.72,25.05,24.72,25.05,17850
POW.PR.F.TO,10 Apr 2017,34,34,34,34,0
POW.PR.G.TO,10 Apr 2017,26.27,26.3,26.09,26.25,5500
PPL.TO,10 Apr 2017,43.73,44.19,43.61,44.07,650854
PPL.DB.F.TO,10 Apr 2017,147,147,147,147,0
PPL.PR.A.TO,10 Apr 2017,21.28,21.55,21.28,21.42,9200
PPL.PR.C.TO,10 Apr 2017,22.38,22.4,22.29,22.37,12209
PPL.PR.E.TO,10 Apr 2017,23.97,24.3,23.97,24.26,16333
PPL.PR.G.TO,10 Apr 2017,23.39,23.71,23.35,23.6,7110
PPL.PR.I.TO,10 Apr 2017,25.17,25.18,25.17,25.18,9600
PPL.PR.K.TO,10 Apr 2017,26.8,26.82,26.77,26.79,4725
PPL.PR.M.TO,10 Apr 2017,26.79,26.79,26.78,26.79,4900
PPR.TO,10 Apr 2017,0.66,0.67,0.64,0.66,59952
PPS.TO,10 Apr 2017,16.58,16.62,16.58,16.62,4520
PR.TO,10 Apr 2017,10.77,10.77,10.77,10.77,5537
PRA.TO,10 Apr 2017,18.6,18.6,18.6,18.6,0
PRF.UN.TO,10 Apr 2017,23.25,23.25,23.25,23.25,0
PRK.TO,10 Apr 2017,0.24,0.25,0.24,0.25,148650
PRQ.TO,10 Apr 2017,2.62,2.69,2.62,2.64,9600
PRU.TO,10 Apr 2017,0.36,0.36,0.33,0.34,173489
PSA.TO,10 Apr 2017,50.02,50.02,50.02,50.02,6686
PSB.TO,10 Apr 2017,18.75,18.75,18.73,18.74,42294
PSD.TO,10 Apr 2017,2.6,2.63,2.6,2.63,34300
PSI.TO,10 Apr 2017,19.47,20.16,19.46,20.12,208857
PSK.TO,10 Apr 2017,29.41,29.68,29.25,29.46,224875
PSLV.U.TO,10 Apr 2017,6.8,6.8,6.73,6.79,4222
PSU.U.TO,10 Apr 2017,100.07,100.07,100.07,100.07,0
PSY.TO,10 Apr 2017,22.6,22.6,22.6,22.6,0
PTB.TO,10 Apr 2017,19.23,19.23,19.17,19.17,1900
PTG.TO,10 Apr 2017,1.79,1.82,1.75,1.75,67132
PTM.TO,10 Apr 2017,2,2.01,1.96,1.98,82647
PTS.TO,10 Apr 2017,10.35,10.35,10.05,10.15,2400
PUB.UN.TO,10 Apr 2017,11.57,11.57,11.56,11.56,6733
PUD.TO,10 Apr 2017,22.06,22.06,22.06,22.06,0
PUR.TO,10 Apr 2017,4.83,4.93,4.83,4.84,12310
PVG.TO,10 Apr 2017,14.5,14.58,14.19,14.47,236662
PVS.PR.B.TO,10 Apr 2017,25.22,25.22,25.22,25.22,100
PVS.PR.D.TO,10 Apr 2017,25.24,25.28,25.24,25.28,2000
PVS.PR.E.TO,10 Apr 2017,26.84,26.84,26.84,26.84,560
PWF.TO,10 Apr 2017,34.49,34.6,34.31,34.42,855077
PWF.PR.A.TO,10 Apr 2017,14.71,14.75,14.71,14.75,400
PWF.PR.E.TO,10 Apr 2017,25.77,25.82,25.77,25.82,4200
PWF.PR.F.TO,10 Apr 2017,25.49,25.55,25.46,25.52,5270
PWF.PR.G.TO,10 Apr 2017,25.88,26.18,25.84,26.15,8151
PWF.PR.H.TO,10 Apr 2017,25.8,25.88,25.8,25.88,3750
PWF.PR.I.TO,10 Apr 2017,25.94,26.09,25.9,26.08,5605
PWF.PR.K.TO,10 Apr 2017,24.45,24.66,24.45,24.65,7200
PWF.PR.L.TO,10 Apr 2017,25.16,25.4,25.13,25.4,4075
PWF.PR.O.TO,10 Apr 2017,26.05,26.18,26.05,26.18,2300
PWF.PR.P.TO,10 Apr 2017,16.38,16.62,16.38,16.56,12600
PWF.PR.Q.TO,10 Apr 2017,15.74,15.81,15.74,15.81,2500
PWF.PR.R.TO,10 Apr 2017,26.03,26.05,25.99,26.05,1592
PWF.PR.S.TO,10 Apr 2017,24.04,24.4,24.04,24.3,12241
PWF.PR.T.TO,10 Apr 2017,23.33,23.45,23.31,23.45,4000
PXC.TO,10 Apr 2017,26.21,26.33,26.21,26.33,2284
PXG.TO,10 Apr 2017,21.89,21.89,21.89,21.89,0
PXS.TO,10 Apr 2017,23.81,23.81,23.81,23.81,400
PXT.TO,10 Apr 2017,17.63,18,17.63,17.92,276692
PXU.F.TO,10 Apr 2017,35.38,35.6,35.38,35.51,12958
PXX.TO,10 Apr 2017,1.27,1.41,1.27,1.34,731878
PYF.TO,10 Apr 2017,19.41,19.42,19.41,19.42,772
PZA.TO,10 Apr 2017,17.16,17.25,17.12,17.13,20732
PZC.TO,10 Apr 2017,20.57,20.57,20.57,20.57,200
PZW.TO,10 Apr 2017,23.7,23.7,23.66,23.66,757
QBR.A.TO,10 Apr 2017,20.68,20.775,20.68,20.775,741
QBR.B.TO,10 Apr 2017,20.58,20.825,20.56,20.76,102144
QCD.TO,10 Apr 2017,25.73,25.73,25.73,25.73,100
QEC.TO,10 Apr 2017,0.71,0.74,0.68,0.68,13724
QEM.TO,10 Apr 2017,26.57,26.57,26.57,26.57,0
QIE.TO,10 Apr 2017,26.72,26.72,26.72,26.72,0
QMA.TO,10 Apr 2017,25.96,25.96,25.96,25.96,0
QQC.F.TO,10 Apr 2017,47.25,47.29,47.19,47.19,1151
QSP.UN.TO,10 Apr 2017,75.5,75.5,75.5,75.5,115
QSR.TO,10 Apr 2017,74.76,75.27,74.76,74.94,190442
QUS.TO,10 Apr 2017,26.1,26.1,26.1,26.1,0
QXM.TO,10 Apr 2017,18.17,18.3,18.17,18.3,1256
R.TO,10 Apr 2017,0.75,0.75,0.73,0.73,253797
RAI.UN.TO,10 Apr 2017,8.64,8.65,8.64,8.65,2900
RAV.UN.TO,10 Apr 2017,14.5,14.5,14.5,14.5,0
RAY.A.TO,10 Apr 2017,8.23,8.3,8.19,8.25,36510
RAY.B.TO,10 Apr 2017,8.2,8.2,8.2,8.2,0
RBA.TO,10 Apr 2017,41.55,41.55,39.3,40.57,390900
RBN.UN.TO,10 Apr 2017,9.78,9.8,9.78,9.79,6645
RBO.TO,10 Apr 2017,19.64,19.64,19.6,19.61,825
RBP.UN.TO,10 Apr 2017,10,10,10,10,1900
RCD.TO,10 Apr 2017,21.12,21.12,21.12,21.12,745
RCE.TO,10 Apr 2017,20.66,20.66,20.66,20.66,0
RCH.TO,10 Apr 2017,28.63,29.45,28.62,29.19,29779
RCI.A.TO,10 Apr 2017,60.19,60.25,60.19,60.23,567
RCI.B.TO,10 Apr 2017,59.58,59.92,59.51,59.72,1984615
RCO.UN.TO,10 Apr 2017,10.9,11,10.84,11,2450
RDK.TO,10 Apr 2017,0.04,0.04,0.04,0.04,5000
RDL.TO,10 Apr 2017,1.94,1.95,1.94,1.95,1000
REF.UN.TO,10 Apr 2017,49.52,49.58,48.91,49.16,134406
REI.UN.TO,10 Apr 2017,26.21,26.38,26.12,26.36,343763
RET.TO,10 Apr 2017,5,5.17,5,5.17,3050
RET.A.TO,10 Apr 2017,5.39,5.5,5.37,5.38,148686
RFP.TO,10 Apr 2017,7.21,7.51,7.21,7.26,16448
RGX.TO,10 Apr 2017,0.08,0.09,0.08,0.08,172000
RIB.UN.TO,10 Apr 2017,14.65,14.65,14.65,14.65,0
RID.TO,10 Apr 2017,23.35,23.45,23.35,23.45,11454
RID.U.TO,10 Apr 2017,17.48,17.48,17.48,17.48,0
RIE.TO,10 Apr 2017,20.89,20.96,20.89,20.96,500
RIG.TO,10 Apr 2017,20.85,20.85,20.74,20.76,1606
RIGP.UN.TO,10 Apr 2017,27.89,27.97,27.89,27.97,3411
RIT.TO,10 Apr 2017,15.94,15.96,15.92,15.95,13175
RKN.TO,10 Apr 2017,1.08,1.09,1.04,1.04,392851
RLB.TO,10 Apr 2017,19.77,19.77,19.76,19.76,4345
RLD.TO,10 Apr 2017,23.6,23.6,23.6,23.6,0
RLE.TO,10 Apr 2017,23.9,23.9,23.9,23.9,0
RME.TO,10 Apr 2017,9.96,9.96,9.85,9.89,33966
RMX.TO,10 Apr 2017,1.77,1.82,1.77,1.8,22040
RN.TO,10 Apr 2017,0.13,0.13,0.13,0.13,10000
RNW.TO,10 Apr 2017,15.7,15.86,15.62,15.84,242010
RNX.TO,10 Apr 2017,0.28,0.28,0.25,0.26,1463876
ROXG.TO,10 Apr 2017,1.34,1.34,1.32,1.33,36879
RPD.TO,10 Apr 2017,22.51,22.51,22.51,22.51,100
RPF.TO,10 Apr 2017,23.93,23.94,23.9,23.9,12360
RPI.UN.TO,10 Apr 2017,27.17,27.17,26.5,26.94,1981
RQF.TO,10 Apr 2017,19.45,19.45,19.45,19.45,280
RQG.TO,10 Apr 2017,19.85,19.86,19.85,19.86,1492
RQH.TO,10 Apr 2017,20.61,20.61,20.61,20.61,0
RQI.TO,10 Apr 2017,20.45,20.45,20.45,20.45,1300
RQJ.TO,10 Apr 2017,19.9,19.9,19.9,19.9,0
RQK.TO,10 Apr 2017,19.82,19.82,19.82,19.82,0
RRX.TO,10 Apr 2017,9.39,9.48,9.31,9.35,904593
RSI.TO,10 Apr 2017,6.16,6.19,6.12,6.16,55188
RSI.DB.D.TO,10 Apr 2017,101.5,102,101.5,102,106000
RTG.TO,10 Apr 2017,0.19,0.19,0.18,0.18,41000
RTU.UN.TO,10 Apr 2017,9.83,9.84,9.83,9.84,230
RUD.TO,10 Apr 2017,30.62,30.63,30.61,30.61,814
RUD.U.TO,10 Apr 2017,22.93,22.93,22.93,22.93,160
RUE.TO,10 Apr 2017,25.01,25.01,25.01,25.01,0
RUS.TO,10 Apr 2017,27.54,27.54,27.24,27.35,85939
RVX.TO,10 Apr 2017,2.23,2.23,2.22,2.23,13600
RWC.TO,10 Apr 2017,11.7,11.7,11.7,11.7,0
RWE.TO,10 Apr 2017,24.92,24.92,24.92,24.92,300
RWE.B.TO,10 Apr 2017,24.55,24.55,24.55,24.55,0
RWU.TO,10 Apr 2017,14.04,14.04,14.04,14.04,0
RWU.B.TO,10 Apr 2017,17.27,17.27,17.25,17.25,1801
RWW.TO,10 Apr 2017,27.06,27.06,26.9,26.91,1347
RWW.B.TO,10 Apr 2017,29.84,29.84,29.84,29.84,100
RXD.TO,10 Apr 2017,20.1,20.1,20,20,1052
RXD.U.TO,10 Apr 2017,15,15,15,15,0
RXE.TO,10 Apr 2017,23.85,23.85,23.85,23.85,0
RY.TO,10 Apr 2017,97.32,97.5,96.86,97.18,1549609
RY.PR.A.TO,10 Apr 2017,25.4,25.46,25.4,25.44,5713
RY.PR.C.TO,10 Apr 2017,25.46,25.47,25.4,25.47,5450
RY.PR.D.TO,10 Apr 2017,25.39,25.48,25.39,25.44,5385
RY.PR.E.TO,10 Apr 2017,25.37,25.41,25.37,25.4,10316
RY.PR.F.TO,10 Apr 2017,25.32,25.44,25.32,25.4,3233
RY.PR.G.TO,10 Apr 2017,25.38,25.41,25.36,25.36,12458
RY.PR.H.TO,10 Apr 2017,22.8,22.91,22.7,22.76,26200
RY.PR.I.TO,10 Apr 2017,24.91,25,24.91,24.98,10706
RY.PR.J.TO,10 Apr 2017,23.72,23.98,23.72,23.89,38310
RY.PR.K.TO,10 Apr 2017,24.08,24.29,24.08,24.08,3510
RY.PR.L.TO,10 Apr 2017,25.79,25.85,25.79,25.79,2200
RY.PR.M.TO,10 Apr 2017,23.47,23.5,23.47,23.47,27400
RY.PR.N.TO,10 Apr 2017,25.63,25.65,25.59,25.59,800
RY.PR.O.TO,10 Apr 2017,25.37,25.49,25.37,25.49,7400
RY.PR.P.TO,10 Apr 2017,26.3,26.3,26.21,26.21,8300
RY.PR.Q.TO,10 Apr 2017,27.33,27.47,27.3,27.47,9350
RY.PR.R.TO,10 Apr 2017,27.48,27.56,27.48,27.56,24588
RY.PR.W.TO,10 Apr 2017,25.43,25.45,25.35,25.45,6836
RY.PR.Z.TO,10 Apr 2017,22.69,22.79,22.69,22.71,90225
S.TO,10 Apr 2017,1.05,1.05,1.01,1.01,269237
SAM.TO,10 Apr 2017,0.53,0.53,0.53,0.53,0
SAP.TO,10 Apr 2017,45.53,46.27,45.41,46.02,246671
SAU.TO,10 Apr 2017,0.03,0.03,0.02,0.03,325112
SBB.TO,10 Apr 2017,1.69,1.7,1.65,1.69,261472
SBC.TO,10 Apr 2017,16.06,16.06,15.79,16,5264
SBC.PR.A.TO,10 Apr 2017,10.09,10.1,10.08,10.08,13600
SBI.TO,10 Apr 2017,0.08,0.08,0.08,0.08,0
SBN.TO,10 Apr 2017,7.44,7.5,7.42,7.5,3200
SBN.PR.A.TO,10 Apr 2017,10.64,10.64,10.64,10.64,0
SBR.TO,10 Apr 2017,0.4,0.4,0.38,0.4,181917
SBT.B.TO,10 Apr 2017,13.4,13.4,13.39,13.39,2300
SCB.TO,10 Apr 2017,1.53,1.55,1.52,1.53,16100
SCL.TO,10 Apr 2017,39.21,39.53,39.21,39.35,69954
SCU.TO,10 Apr 2017,1.55,1.55,1.5,1.5,300
SCW.UN.TO,10 Apr 2017,9.67,9.68,9.66,9.67,11580
SCY.TO,10 Apr 2017,0.39,0.42,0.39,0.4,353200
SDY.TO,10 Apr 2017,1.39,1.51,1.38,1.51,176795
SEA.TO,10 Apr 2017,14.95,15.26,14.7,15.08,49970
SEC.TO,10 Apr 2017,176,176.8,176,176.8,351
SEN.TO,10 Apr 2017,0.45,0.45,0.45,0.45,0
SES.TO,10 Apr 2017,9.78,10.25,9.77,10.21,347277
SEV.TO,10 Apr 2017,0.47,0.48,0.47,0.48,35350
SFD.TO,10 Apr 2017,1.19,1.19,1.19,1.19,300
SGF.TO,10 Apr 2017,0.17,0.17,0.17,0.17,153920
SGQ.TO,10 Apr 2017,0.4,0.4,0.4,0.4,20000
SGY.TO,10 Apr 2017,2.82,2.86,2.82,2.84,4868699
SHA.TO,10 Apr 2017,12.28,12.28,12.28,12.28,120
SHC.TO,10 Apr 2017,12.03,12.03,12.03,12.03,144
SHE.TO,10 Apr 2017,11.12,11.12,11.12,11.12,100
SHOP.TO,10 Apr 2017,92.25,93.5,91.8,92.29,127014
SHU.TO,10 Apr 2017,11.29,11.29,11.29,11.29,0
SHZ.TO,10 Apr 2017,10.29,10.29,10.25,10.25,1205
SIA.TO,10 Apr 2017,17.32,17.42,17.27,17.38,38047
SIA.DB.TO,10 Apr 2017,107,107,107,107,10000
SII.TO,10 Apr 2017,2.19,2.19,2.12,2.18,261275
SIN.UN.TO,10 Apr 2017,8.52,8.53,8.49,8.52,9865
SIS.TO,10 Apr 2017,14.12,14.52,14.12,14.31,90916
SJ.TO,10 Apr 2017,40.7,41.58,40.46,41.51,132334
SJR.B.TO,10 Apr 2017,27.8,27.92,27.72,27.87,415462
SJR.PR.A.TO,10 Apr 2017,17.09,17.1,16.95,17.08,2431
SJR.PR.B.TO,10 Apr 2017,16.95,16.95,16.95,16.95,100
SKG.UN.TO,10 Apr 2017,8.08,8.08,8.08,8.08,206
SLF.TO,10 Apr 2017,47.74,48.03,47.6,47.83,1550729
SLF.PR.A.TO,10 Apr 2017,24.07,24.42,24.07,24.41,8541
SLF.PR.B.TO,10 Apr 2017,24.37,24.66,24.37,24.61,10200
SLF.PR.C.TO,10 Apr 2017,22.67,22.87,22.65,22.87,10881
SLF.PR.D.TO,10 Apr 2017,22.7,22.94,22.7,22.93,6138
SLF.PR.E.TO,10 Apr 2017,22.75,22.99,22.75,22.95,8841
SLF.PR.G.TO,10 Apr 2017,17.1,17.2,17.1,17.1,696
SLF.PR.H.TO,10 Apr 2017,20.47,20.49,20.4,20.49,2220
SLF.PR.I.TO,10 Apr 2017,23.66,23.89,23.63,23.85,4100
SLF.PR.J.TO,10 Apr 2017,16.04,16.05,16.04,16.04,2800
SLF.PR.K.TO,10 Apr 2017,19.1,19.1,19.1,19.1,0
SLR.TO,10 Apr 2017,1.1,1.12,1.1,1.11,26250
SMC.TO,10 Apr 2017,0.28,0.28,0.28,0.28,32000
SMF.TO,10 Apr 2017,4.02,4.07,3.98,4.05,751941
SMT.TO,10 Apr 2017,3.44,3.44,3.37,3.39,14083
SMU.UN.TO,10 Apr 2017,6.54,6.56,6.47,6.48,151302
SNC.TO,10 Apr 2017,54.31,54.97,54.08,54.48,362743
SOT.UN.TO,10 Apr 2017,8.13,8.15,8.09,8.12,204620
SOX.TO,10 Apr 2017,5.63,5.77,5.63,5.69,32815
SOX.DB.A.TO,10 Apr 2017,102.51,102.51,102.49,102.5,11000
SOY.TO,10 Apr 2017,9.15,9.15,8.91,8.95,34267
SPB.TO,10 Apr 2017,13.02,13.2,12.99,13.15,323307
SPE.TO,10 Apr 2017,8.13,8.31,8.1,8.19,1449851
SPPP.U.TO,10 Apr 2017,7.69,7.69,7.69,7.69,1900
SQP.TO,10 Apr 2017,1.39,1.45,1.39,1.45,300
SRHI.TO,10 Apr 2017,0.2,0.2,0.2,0.2,423356
SRHI.WT.TO,10 Apr 2017,0.09,0.09,0.09,0.09,10693
SRT.U.TO,10 Apr 2017,10.96,11,10.96,11,200
SRT.UN.TO,10 Apr 2017,14.71,14.9,14.7,14.84,54604
SRU.UN.TO,10 Apr 2017,33,33.27,33,33.16,92367
SRV.UN.TO,10 Apr 2017,14.7,14.75,14.67,14.74,14525
SSF.UN.TO,10 Apr 2017,9.08,9.11,9.08,9.11,1900
SSL.TO,10 Apr 2017,5.9,5.94,5.76,5.94,178462
SSL.WT.TO,10 Apr 2017,2.5,2.5,2.5,2.5,0
STB.TO,10 Apr 2017,8,8.18,8,8.09,225069
STB.DB.A.TO,10 Apr 2017,106.97,106.97,106.5,106.5,9000
STB.DB.C.TO,10 Apr 2017,106,106,106,106,0
STN.TO,10 Apr 2017,35.26,36.21,35.26,35.65,198239
SU.TO,10 Apr 2017,41.5,41.97,41.33,41.79,1347807
SUM.TO,10 Apr 2017,8,8,7.81,7.83,5260
SVB.TO,10 Apr 2017,0.12,0.12,0.11,0.12,309900
SVM.TO,10 Apr 2017,5.27,5.36,5.17,5.35,766620
SVR.TO,10 Apr 2017,9.95,9.99,9.86,9.99,5626
SVR.C.TO,10 Apr 2017,9.58,9.61,9.58,9.61,4045
SW.TO,10 Apr 2017,34.99,35.39,34.65,34.75,58482
SWY.TO,10 Apr 2017,0.83,0.84,0.82,0.83,641442
SWY.DB.U.TO,10 Apr 2017,100,100,100,100,0
SXI.TO,10 Apr 2017,0.45,0.45,0.45,0.45,800
SXP.TO,10 Apr 2017,5.05,5.06,5.01,5.06,9800
T.TO,10 Apr 2017,44.07,44.61,44.07,44.4,1022917
TA.TO,10 Apr 2017,7.66,7.74,7.61,7.73,639616
TA.PR.D.TO,10 Apr 2017,13.56,13.79,13.55,13.75,25320
TA.PR.E.TO,10 Apr 2017,13.63,13.65,13.63,13.65,40159
TA.PR.F.TO,10 Apr 2017,18.27,18.59,18.26,18.53,5700
TA.PR.H.TO,10 Apr 2017,19.99,20.21,19.99,20.11,7102
TA.PR.J.TO,10 Apr 2017,21.1,21.13,21,21,4350
TAO.TO,10 Apr 2017,0.62,0.62,0.61,0.61,39570
TAO.WT.TO,10 Apr 2017,0.06,0.06,0.06,0.06,0
TBL.TO,10 Apr 2017,1.03,1.05,1.03,1.05,13550
TC.TO,10 Apr 2017,73.49,74.05,73.38,73.95,4762
TCL.A.TO,10 Apr 2017,24.16,24.88,24.14,24.67,166366
TCL.B.TO,10 Apr 2017,24.26,24.81,24.26,24.81,1300
TCN.TO,10 Apr 2017,10.93,10.96,10.87,10.89,264782
TCN.DB.A.TO,10 Apr 2017,118.5,118.5,118.5,118.5,0
TCN.DB.U.TO,10 Apr 2017,104.01,104.01,103.8,103.9,161000
TCS.TO,10 Apr 2017,10.65,10.88,10.65,10.88,17819
TCT.UN.TO,10 Apr 2017,10.01,10.02,10.01,10.02,600
TCW.TO,10 Apr 2017,4.28,4.46,4.22,4.43,1279217
TD.TO,10 Apr 2017,66.16,66.62,66.09,66.42,2708070
TD.PF.A.TO,10 Apr 2017,22.64,22.68,22.58,22.59,13855
TD.PF.B.TO,10 Apr 2017,22.57,22.63,22.57,22.58,58544
TD.PF.C.TO,10 Apr 2017,22.39,22.48,22.39,22.42,20150
TD.PF.D.TO,10 Apr 2017,23.76,23.81,23.74,23.75,8809
TD.PF.E.TO,10 Apr 2017,24.3,24.3,24.29,24.3,8500
TD.PF.F.TO,10 Apr 2017,25.65,25.73,25.65,25.73,3800
TD.PF.G.TO,10 Apr 2017,27.16,27.34,27.16,27.3,5228
TD.PF.H.TO,10 Apr 2017,26.45,26.62,26.45,26.58,14703
TD.PR.S.TO,10 Apr 2017,24.76,24.86,24.76,24.81,7150
TD.PR.T.TO,10 Apr 2017,24.14,24.14,24.11,24.11,500
TD.PR.Y.TO,10 Apr 2017,24.82,24.94,24.82,24.92,4600
TD.PR.Z.TO,10 Apr 2017,23.89,24.04,23.89,24.04,1081
TDB.TO,10 Apr 2017,14.83,14.84,14.83,14.84,1650
TDG.TO,10 Apr 2017,2.53,2.61,2.52,2.59,942408
TECK.A.TO,10 Apr 2017,32.37,32.84,32.35,32.55,2802
TECK.B.TO,10 Apr 2017,31.54,32.1,31.52,31.92,1508298
TEI.TO,10 Apr 2017,1.35,1.46,1.35,1.45,55200
TEI.DB.TO,10 Apr 2017,90,90,90,90,0
TEL.TO,10 Apr 2017,1.55,1.55,1.55,1.55,0
TF.TO,10 Apr 2017,9.36,9.37,9.18,9.22,112448
TF.DB.TO,10 Apr 2017,102,102,102,102,18000
TF.DB.A.TO,10 Apr 2017,101.79,101.79,101.4,101.4,74000
TF.DB.B.TO,10 Apr 2017,101.5,101.5,101,101,33000
TFII.TO,10 Apr 2017,30.39,31.01,30.39,30.95,222161
TGF.UN.TO,10 Apr 2017,12.97,12.97,12.92,12.92,1800
TGL.TO,10 Apr 2017,2.1,2.18,2.1,2.15,11979
TGO.TO,10 Apr 2017,3.75,3.75,3.75,3.75,5000
TGZ.TO,10 Apr 2017,4.05,4.1,3.95,4.05,752292
TH.TO,10 Apr 2017,5.85,5.93,5.77,5.8,112843
The.TO,10 Apr 2017,16.97,16.97,16.97,16.97,0
THO.TO,10 Apr 2017,11.12,11.26,10.97,11.19,540889
THU.TO,10 Apr 2017,17.18,17.18,17.18,17.18,100
TIH.TO,10 Apr 2017,47.13,47.36,47.05,47.18,26919
TKO.TO,10 Apr 2017,1.72,1.78,1.72,1.76,159473
TLB.TO,10 Apr 2017,3.1,3.17,3.09,3.17,8900
TLF.UN.TO,10 Apr 2017,9.32,9.32,9.3,9.3,1000
TLO.TO,10 Apr 2017,0.11,0.13,0.11,0.12,45000
TLV.TO,10 Apr 2017,28.22,28.31,28.21,28.28,14630
TMD.TO,10 Apr 2017,0.37,0.37,0.36,0.37,149785
TMD.WT.C.TO,10 Apr 2017,0.04,0.04,0.04,0.04,0
TMD.WT.G.TO,10 Apr 2017,0.05,0.05,0.05,0.05,0
TMD.WT.H.TO,10 Apr 2017,0.05,0.05,0.05,0.05,0
TMD.WT.I.TO,10 Apr 2017,0.09,0.09,0.09,0.09,0
TMI.TO,10 Apr 2017,0.24,0.24,0.23,0.23,32925
TMI.B.TO,10 Apr 2017,0.2,0.2,0.19,0.2,75000
TML.TO,10 Apr 2017,0.8,0.8,0.78,0.79,130736
TMQ.TO,10 Apr 2017,0.8,0.95,0.78,0.92,194810
TMR.TO,10 Apr 2017,15.77,15.86,15.7,15.86,37000
TNP.TO,10 Apr 2017,1.96,2.02,1.92,1.92,11878
TNT.UN.TO,10 Apr 2017,6.12,6.17,6.1,6.13,56605
TNX.TO,10 Apr 2017,0.6,0.6,0.59,0.59,6300
TOF.UN.TO,10 Apr 2017,12.47,12.47,12.47,12.47,0
TOG.TO,10 Apr 2017,6.94,7.12,6.94,7.07,1088606
TOS.TO,10 Apr 2017,3.14,3.16,3.1,3.11,109152
TOT.TO,10 Apr 2017,13.43,13.77,13.43,13.77,36002
TOU.TO,10 Apr 2017,29.27,29.58,29.23,29.39,413572
TOY.TO,10 Apr 2017,38.86,39.74,38.62,39.33,23220
TPE.TO,10 Apr 2017,16.47,16.48,16.47,16.48,931
TPH.TO,10 Apr 2017,0.85,0.87,0.85,0.85,81021
TPH.DB.E.TO,10 Apr 2017,100.06,100.06,100,100,41999
TPH.DB.F.TO,10 Apr 2017,100,100,100,100,38000
TPK.TO,10 Apr 2017,6.3,6.35,6.2,6.33,8050
TPL.TO,10 Apr 2017,0.03,0.03,0.03,0.03,722881
TPU.TO,10 Apr 2017,17.67,17.69,17.6,17.6,4314
TPX.B.TO,10 Apr 2017,127.52,128.02,126.93,127.86,11246
TRI.TO,10 Apr 2017,57.68,57.68,57.3,57.44,375521
TRI.PR.B.TO,10 Apr 2017,13.85,13.94,13.85,13.93,1200
TRIL.TO,10 Apr 2017,8.38,8.61,8.35,8.6,3000
TRL.TO,10 Apr 2017,9.8,9.8,9.8,9.8,0
TRL.WT.TO,10 Apr 2017,1.5,1.5,1.5,1.5,2500
TRP.TO,10 Apr 2017,62.95,63.49,62.83,63.33,1716387
TRP.PR.A.TO,10 Apr 2017,19.76,19.82,19.65,19.73,5050
TRP.PR.B.TO,10 Apr 2017,14.91,15,14.87,14.94,3900
TRP.PR.C.TO,10 Apr 2017,16.1,16.44,16.1,16.44,3800
TRP.PR.D.TO,10 Apr 2017,22.44,22.48,22.41,22.45,23011
TRP.PR.E.TO,10 Apr 2017,22.7,22.81,22.68,22.8,11102
TRP.PR.F.TO,10 Apr 2017,19.34,19.39,19.1,19.1,15438
TRP.PR.G.TO,10 Apr 2017,23.93,24.2,23.93,24.18,2400
TRP.PR.H.TO,10 Apr 2017,14.21,14.22,14.21,14.22,700
TRP.PR.I.TO,10 Apr 2017,15.49,15.49,15.49,15.49,0
TRP.PR.J.TO,10 Apr 2017,26.95,27.15,26.95,27.15,15813
TRP.PR.K.TO,10 Apr 2017,26.23,26.47,26.2,26.2,21852
TRQ.TO,10 Apr 2017,4.08,4.11,4.04,4.06,1169537
TRZ.TO,10 Apr 2017,5.18,5.23,5.15,5.18,17604
TS.B.TO,10 Apr 2017,1.76,1.79,1.75,1.77,17500
TSL.TO,10 Apr 2017,4.47,4.75,4.47,4.6,52829
TTE.UN.TO,10 Apr 2017,8.2,8.2,8.2,8.2,0
TTP.TO,10 Apr 2017,17.53,17.57,17.53,17.57,1121
TUT.UN.TO,10 Apr 2017,10.9,10.95,10.89,10.95,3550
TV.TO,10 Apr 2017,1.26,1.26,1.23,1.23,1418307
TVA.B.TO,10 Apr 2017,3.61,3.61,3.61,3.61,300
TVE.TO,10 Apr 2017,3.05,3.12,3.05,3.09,1484232
TVK.TO,10 Apr 2017,9.51,9.58,9.51,9.58,400
TVK.DB.TO,10 Apr 2017,115,115,115,115,0
TWC.TO,10 Apr 2017,10.85,10.85,10.65,10.65,819
TXF.TO,10 Apr 2017,14.21,14.28,14.15,14.19,40601
TXG.TO,10 Apr 2017,25.54,25.97,25.1,25.77,367302
TXP.TO,10 Apr 2017,0.16,0.16,0.16,0.16,116594
TXT.PR.A.TO,10 Apr 2017,12.75,12.75,12.75,12.75,388
TXT.UN.TO,10 Apr 2017,4.34,4.34,4.34,4.34,0
TZS.TO,10 Apr 2017,5.16,5.16,5.15,5.15,4900
TZZ.TO,10 Apr 2017,7.87,7.89,7.87,7.87,6194
U.TO,10 Apr 2017,4.01,4.03,3.98,4.01,188275
UCD.UN.TO,10 Apr 2017,9.55,9.55,9.55,9.55,0
UDA.UN.TO,10 Apr 2017,10.35,10.35,10.35,10.35,5472
UEX.TO,10 Apr 2017,0.29,0.33,0.29,0.32,578758
UFS.TO,10 Apr 2017,49.23,50.1,49.23,49.79,24783
ULV.C.TO,10 Apr 2017,21.25,21.28,21.25,21.25,1200
ULV.F.TO,10 Apr 2017,33.91,33.98,33.91,33.94,13766
UNC.TO,10 Apr 2017,97.46,97.46,97.45,97.45,578
UNG.PR.C.TO,10 Apr 2017,58.5,58.5,58.5,58.5,0
UNS.TO,10 Apr 2017,35.45,35.45,35.15,35.36,26458
UR.TO,10 Apr 2017,1.72,1.77,1.71,1.74,143314
URB.TO,10 Apr 2017,3.19,3.19,3.17,3.17,2000
URB.A.TO,10 Apr 2017,3.22,3.25,3.2,3.25,25244
URE.TO,10 Apr 2017,0.89,0.97,0.89,0.94,132250
USA.TO,10 Apr 2017,3.96,3.98,3.87,3.96,26282
USB.TO,10 Apr 2017,23.52,23.52,23.52,23.52,500
USB.U.TO,10 Apr 2017,17.8,17.8,17.8,17.8,0
USF.UN.TO,10 Apr 2017,7.81,7.84,7.8,7.81,2000
UTC.C.TO,10 Apr 2017,27.5,27.5,27.5,27.5,0
UTE.UN.TO,10 Apr 2017,10.6,10.6,10.51,10.51,600
UWE.TO,10 Apr 2017,0.03,0.04,0.03,0.03,321110
UXM.TO,10 Apr 2017,13.25,13.31,13.25,13.31,642
UXM.B.TO,10 Apr 2017,15.06,15.06,15.06,15.06,0
VA.TO,10 Apr 2017,31.6,31.6,31.42,31.42,11004
VAB.TO,10 Apr 2017,25.6,25.6,25.55,25.55,41739
VAH.TO,10 Apr 2017,27.24,27.24,27.13,27.13,4734
VB.TO,10 Apr 2017,4.75,4.84,4.75,4.84,15844
VB.PR.A.TO,10 Apr 2017,9.81,9.95,9.8,9.95,600
VB.PR.B.TO,10 Apr 2017,10.14,10.14,10.14,10.14,0
VBG.TO,10 Apr 2017,26.63,26.63,26.59,26.59,5627
VBU.TO,10 Apr 2017,24.94,24.94,24.89,24.9,4425
VBV.TO,10 Apr 2017,6.1,7.1,6.1,6.79,5041
VCB.TO,10 Apr 2017,25.34,25.34,25.34,25.34,0
VCE.TO,10 Apr 2017,33.05,33.23,33.05,33.16,13006
VCM.TO,10 Apr 2017,10.49,10.5,10.11,10.44,11699
VCN.TO,10 Apr 2017,31.73,31.9,31.69,31.86,47175
VDU.TO,10 Apr 2017,32.74,32.74,32.67,32.67,12591
VDY.TO,10 Apr 2017,33.82,33.92,33.77,33.86,59982
VE.TO,10 Apr 2017,26.91,26.95,26.83,26.83,4438
VEE.TO,10 Apr 2017,31.98,31.98,31.88,31.9,42979
VEF.TO,10 Apr 2017,38.21,38.21,38.12,38.16,10798
VEH.TO,10 Apr 2017,27.89,27.89,27.8,27.8,10386
VET.TO,10 Apr 2017,50.02,50.59,50,50.16,223617
VFF.TO,10 Apr 2017,1.89,1.9,1.88,1.9,59000
VFV.TO,10 Apr 2017,55.93,56.09,55.74,55.76,64292
VGG.TO,10 Apr 2017,40.85,40.92,40.75,40.79,2593
VGH.TO,10 Apr 2017,31.74,31.76,31.6,31.69,3064
VGV.TO,10 Apr 2017,25.41,25.41,25.41,25.41,0
VGZ.TO,10 Apr 2017,1.42,1.42,1.38,1.39,5500
VI.TO,10 Apr 2017,26.55,26.55,26.41,26.45,3330
VII.TO,10 Apr 2017,25.62,25.75,25.38,25.68,415104
VIP.UN.TO,10 Apr 2017,9.62,9.68,9.61,9.68,27939
VIU.TO,10 Apr 2017,26.21,26.21,26.01,26.04,61258
VLB.TO,10 Apr 2017,25.85,25.85,25.85,25.85,600
VLE.TO,10 Apr 2017,0.68,0.72,0.68,0.7,62300
VLN.TO,10 Apr 2017,17.5,17.5,17.41,17.41,800
VLQ.TO,10 Apr 2017,29.45,29.51,29.45,29.51,300
VMO.TO,10 Apr 2017,28.58,28.58,28.44,28.45,4180
VNP.TO,10 Apr 2017,1.89,1.89,1.8,1.84,28720
VNP.DB.TO,10 Apr 2017,95.49,95.5,94.99,95,570000
VNR.TO,10 Apr 2017,22,22.1,21.8,22.03,58358
VNR.PR.A.TO,10 Apr 2017,21.85,22.04,21.85,22.04,1900
VRE.TO,10 Apr 2017,30.58,30.66,30.49,30.64,7419
VRX.TO,10 Apr 2017,12.91,13.18,12.87,13.12,755933
VSB.TO,10 Apr 2017,24.37,24.39,24.37,24.37,36144
VSC.TO,10 Apr 2017,24.78,24.79,24.77,24.77,26948
VSG.TO,10 Apr 2017,25.04,25.04,25.04,25.04,0
VSP.TO,10 Apr 2017,41.68,41.77,41.62,41.64,10468
VUN.TO,10 Apr 2017,44.03,44.1,43.85,43.87,119891
VUS.TO,10 Apr 2017,46.99,47.13,46.87,46.94,17127
VVL.TO,10 Apr 2017,31.65,31.65,31.43,31.43,5756
VVO.TO,10 Apr 2017,27.84,27.84,27.84,27.84,0
VXC.TO,10 Apr 2017,33.02,33.06,32.93,32.94,45753
VXM.TO,10 Apr 2017,23.06,23.06,23.06,23.06,0
VXM.B.TO,10 Apr 2017,25.22,25.22,25.22,25.22,200
W.PR.H.TO,10 Apr 2017,25.25,25.3,25.25,25.26,1900
W.PR.J.TO,10 Apr 2017,25.45,25.45,25.45,25.45,1000
W.PR.K.TO,10 Apr 2017,26.38,26.4,26.38,26.4,3612
W.PR.M.TO,10 Apr 2017,26.56,26.56,26.52,26.56,16100
WCN.TO,10 Apr 2017,117.5,118.19,117.04,118.13,49162
WCP.TO,10 Apr 2017,10.43,10.66,10.43,10.48,1209819
WDO.TO,10 Apr 2017,3.53,3.62,3.48,3.61,616158
WEED.TO,10 Apr 2017,10.3,10.94,10.06,10.87,6072364
WEF.TO,10 Apr 2017,2.23,2.29,2.22,2.23,1395951
WEQ.TO,10 Apr 2017,1.51,1.51,1.5,1.5,8350
WEQ.DB.TO,10 Apr 2017,82,82,82,82,0
WFC.TO,10 Apr 2017,20,20,19.89,19.89,1200
WFS.TO,10 Apr 2017,3.4,3.4,3.4,3.4,0
WFS.PR.A.TO,10 Apr 2017,10.07,10.07,10.06,10.06,1100
WFT.TO,10 Apr 2017,59.47,59.96,58.93,59.56,270927
WG.TO,10 Apr 2017,0.29,0.29,0.26,0.26,149575
WIR.U.TO,10 Apr 2017,12.9,12.9,12.81,12.82,10872
WJA.TO,10 Apr 2017,22.42,22.91,22.41,22.82,236973
WJX.TO,10 Apr 2017,25.4,25.58,25.16,25.44,42775
WM.TO,10 Apr 2017,0.1,0.11,0.1,0.11,500019
WN.TO,10 Apr 2017,114.75,115.78,114.3,115.49,77259
WN.PR.A.TO,10 Apr 2017,25.9,26.05,25.9,26.05,8565
WN.PR.C.TO,10 Apr 2017,25.49,25.61,25.4,25.4,3037
WN.PR.D.TO,10 Apr 2017,25.4,25.6,25.39,25.52,3700
WN.PR.E.TO,10 Apr 2017,23.76,23.9,23.74,23.74,6007
WPK.TO,10 Apr 2017,53.49,53.49,52.82,52.84,32848
WPRT.TO,10 Apr 2017,1.52,1.52,1.45,1.48,31033
WRG.TO,10 Apr 2017,2.25,2.41,2.24,2.41,212884
WRN.TO,10 Apr 2017,1.75,1.75,1.7,1.75,50250
WRX.TO,10 Apr 2017,0.92,0.92,0.8,0.82,38207
WSP.TO,10 Apr 2017,47.63,48.56,47.54,48.27,171558
WTE.TO,10 Apr 2017,26.29,26.69,26.29,26.59,72084
WXM.TO,10 Apr 2017,15.58,15.69,15.58,15.69,8900
X.TO,10 Apr 2017,70.71,71.82,70.71,71.69,45132
XAU.TO,10 Apr 2017,3.3,3.3,3.22,3.24,2949
XAW.TO,10 Apr 2017,23.1,23.11,23.02,23.03,68983
XBB.TO,10 Apr 2017,31.39,31.43,31.38,31.41,48347
XBM.TO,10 Apr 2017,12.22,12.33,12.22,12.33,2037
XCB.TO,10 Apr 2017,21.56,21.58,21.54,21.55,33869
XCD.TO,10 Apr 2017,30.7,30.73,30.7,30.72,515
XCG.TO,10 Apr 2017,30.15,30.15,30.15,30.15,282
XCH.TO,10 Apr 2017,24.79,24.79,24.76,24.76,35457
XCS.TO,10 Apr 2017,17.17,17.34,17.14,17.34,18883
XCT.TO,10 Apr 2017,1.33,1.33,1.33,1.33,592
XCV.TO,10 Apr 2017,25.97,26.09,25.97,26.06,1105
XDC.TO,10 Apr 2017,2.33,2.35,2.28,2.32,19900
XDV.TO,10 Apr 2017,25.14,25.2,25.13,25.16,37416
XEB.TO,10 Apr 2017,21.49,21.49,21.48,21.48,394
XEC.TO,10 Apr 2017,24.8,24.8,24.69,24.72,23555
XEF.TO,10 Apr 2017,28.31,28.33,28.17,28.17,49576
XEG.TO,10 Apr 2017,12.89,13.09,12.88,13.04,761769
XEH.TO,10 Apr 2017,23.49,23.51,23.47,23.47,3840
XEI.TO,10 Apr 2017,21.98,22.05,21.94,22.04,233418
XEM.TO,10 Apr 2017,29.3,29.3,29.24,29.24,36774
XEN.TO,10 Apr 2017,23.6,23.67,23.6,23.67,4050
XEU.TO,10 Apr 2017,22.28,22.28,22.21,22.21,2328
XFA.TO,10 Apr 2017,24.11,24.11,24.11,24.11,241
XFC.TO,10 Apr 2017,23.71,23.71,23.7,23.7,600
XFF.TO,10 Apr 2017,23.35,23.35,23.35,23.35,496
XFH.TO,10 Apr 2017,21.28,21.32,21.27,21.29,2356
XFI.TO,10 Apr 2017,22.24,22.24,22.24,22.24,189
XFN.TO,10 Apr 2017,36.36,36.42,36.25,36.33,303654
XFR.TO,10 Apr 2017,20.1,20.11,20.1,20.11,3045
XFS.TO,10 Apr 2017,23.97,23.97,23.97,23.97,0
XGB.TO,10 Apr 2017,21.82,21.84,21.82,21.83,2939
XGD.TO,10 Apr 2017,13.37,13.47,13.22,13.47,391102
XGI.TO,10 Apr 2017,29.65,29.71,29.55,29.71,810
XHB.TO,10 Apr 2017,20.86,20.9,20.85,20.87,8033
XHC.TO,10 Apr 2017,41.28,41.42,41.18,41.29,7509
XHD.TO,10 Apr 2017,27.51,27.51,27.39,27.41,8416
XHU.TO,10 Apr 2017,23.12,23.12,23.06,23.06,1026
XHY.TO,10 Apr 2017,20.07,20.1,20.01,20.1,10051
XIC.TO,10 Apr 2017,24.82,24.96,24.8,24.92,209815
XID.TO,10 Apr 2017,33.48,33.48,33.23,33.24,8584
XIG.TO,10 Apr 2017,23.14,23.14,23.14,23.14,265
XIN.TO,10 Apr 2017,24.59,24.62,24.57,24.61,17838
XIT.TO,10 Apr 2017,14.53,14.54,14.52,14.52,51714
XIU.TO,10 Apr 2017,23.18,23.36,23.18,23.32,2448874
XLB.TO,10 Apr 2017,23.85,23.89,23.81,23.89,6604
XMA.TO,10 Apr 2017,13.73,13.82,13.68,13.82,27867
XMC.TO,10 Apr 2017,17.52,17.61,17.5,17.5,6719
XMD.TO,10 Apr 2017,25.28,25.38,25.28,25.38,4661
XMF.A.TO,10 Apr 2017,0.27,0.27,0.27,0.27,0
XMF.PR.B.TO,10 Apr 2017,5.36,5.36,5.36,5.36,0
XMF.PR.C.TO,10 Apr 2017,2.35,2.35,2.35,2.35,0
XMH.TO,10 Apr 2017,16.95,16.97,16.86,16.97,1529
XMI.TO,10 Apr 2017,33.84,33.84,33.75,33.75,4806
XML.TO,10 Apr 2017,21.34,21.37,21.33,21.34,1177
XMM.TO,10 Apr 2017,26.06,26.06,25.9,25.9,3513
XMS.TO,10 Apr 2017,21.71,21.71,21.71,21.71,135
XMU.TO,10 Apr 2017,43.2,43.26,43.2,43.25,1202
XMV.TO,10 Apr 2017,29.11,29.25,29.11,29.21,18188
XMW.TO,10 Apr 2017,36.8,36.85,36.78,36.85,3954
XMY.TO,10 Apr 2017,21.35,21.35,21.35,21.35,0
XPF.TO,10 Apr 2017,18.56,18.64,18.56,18.63,7663
XQB.TO,10 Apr 2017,20.84,20.84,20.81,20.81,29772
XQQ.TO,10 Apr 2017,44.66,44.66,44.5,44.6,1720
XRB.TO,10 Apr 2017,24.2,24.28,24.19,24.19,13365
XRE.TO,10 Apr 2017,16.55,16.64,16.54,16.63,78984
XSB.TO,10 Apr 2017,28.12,28.12,28.11,28.12,48962
XSC.TO,10 Apr 2017,20.1,20.1,20.06,20.06,16490
XSE.TO,10 Apr 2017,20.33,20.34,20.3,20.32,4907
XSH.TO,10 Apr 2017,19.63,19.63,19.59,19.59,21110
XSI.TO,10 Apr 2017,19.37,19.4,19.35,19.39,11353
XSP.TO,10 Apr 2017,26.99,27.08,26.92,26.97,374672
XSQ.TO,10 Apr 2017,19.79,19.81,19.79,19.79,7469
XST.TO,10 Apr 2017,53.64,54.12,53.59,54.03,28357
XSU.TO,10 Apr 2017,29.19,29.47,29.13,29.26,198852
XTC.TO,10 Apr 2017,11.14,11.14,11.04,11.06,44627
XTD.TO,10 Apr 2017,6.13,6.15,6.11,6.11,25647
XTD.PR.A.TO,10 Apr 2017,10.3,10.35,10.3,10.35,1307
XTG.TO,10 Apr 2017,0.26,0.26,0.26,0.26,0
XTR.TO,10 Apr 2017,11.54,11.55,11.53,11.54,22969
XUH.TO,10 Apr 2017,22.22,22.33,22.22,22.27,737
XUS.TO,10 Apr 2017,39.42,39.53,39.28,39.3,29457
XUT.TO,10 Apr 2017,23.04,23.15,22.94,23.15,14647
XUU.TO,10 Apr 2017,24.35,24.36,24.25,24.26,6840
XWD.TO,10 Apr 2017,45.17,45.22,45.03,45.04,10205
XXM.TO,10 Apr 2017,13.19,13.19,13.19,13.19,993
XXM.B.TO,10 Apr 2017,17.38,17.38,17.37,17.37,1150
Y.TO,10 Apr 2017,7.67,7.67,7.41,7.51,29855
Y.WT.TO,10 Apr 2017,0.85,0.85,0.85,0.85,0
YCM.TO,10 Apr 2017,1.9,1.9,1.9,1.9,0
YCM.PR.A.TO,10 Apr 2017,5.19,5.19,5.19,5.19,0
YCM.PR.B.TO,10 Apr 2017,5.22,5.22,5.22,5.22,0
YGR.TO,10 Apr 2017,2.85,2.89,2.84,2.84,110031
YPG.DB.TO,10 Apr 2017,99,99,99,99,0
YRI.TO,10 Apr 2017,3.78,3.84,3.73,3.83,2081562
YXM.TO,10 Apr 2017,12.04,12.04,11.93,11.93,1960
YXM.B.TO,10 Apr 2017,15.8,15.8,15.8,15.8,264
ZAG.TO,10 Apr 2017,15.79,15.79,15.76,15.76,107104
ZAR.TO,10 Apr 2017,0.7,0.71,0.69,0.69,75976
ZAR.DB.A.TO,10 Apr 2017,95.25,95.5,95.25,95.49,17000
ZBK.TO,10 Apr 2017,23.9,23.9,23.5,23.59,25027
ZCH.TO,10 Apr 2017,21.72,21.72,21.71,21.71,3929
ZCL.TO,10 Apr 2017,14.57,14.75,14.5,14.67,102405
ZCM.TO,10 Apr 2017,16.57,16.57,16.56,16.57,14663
ZCN.TO,10 Apr 2017,21.12,21.23,21.1,21.22,30577
ZCS.TO,10 Apr 2017,14.49,14.49,14.48,14.49,66516
ZCS.L.TO,10 Apr 2017,20.17,20.17,20.17,20.17,0
ZDB.TO,10 Apr 2017,15.97,15.97,15.95,15.95,4284
ZDH.TO,10 Apr 2017,22.55,22.56,22.49,22.54,14252
ZDI.TO,10 Apr 2017,21.52,21.52,21.45,21.45,11971
ZDJ.TO,10 Apr 2017,35.23,35.39,35.23,35.3,6241
ZDM.TO,10 Apr 2017,20.05,20.06,20.01,20.06,35522
ZDV.TO,10 Apr 2017,17.62,17.7,17.61,17.67,135889
ZDY.TO,10 Apr 2017,29.1,29.19,29,29,19791
ZDY.U.TO,10 Apr 2017,22.16,22.36,22.16,22.34,1770
ZEA.TO,10 Apr 2017,17.33,17.33,17.26,17.27,37763
ZEB.TO,10 Apr 2017,27.88,27.92,27.79,27.88,543629
ZEF.TO,10 Apr 2017,16.92,16.99,16.89,16.95,9308
ZEM.TO,10 Apr 2017,18.29,18.29,18.15,18.17,9001
ZEO.TO,10 Apr 2017,11.82,11.98,11.82,11.96,14777
ZEQ.TO,10 Apr 2017,19.47,19.47,19.41,19.44,35332
ZFH.TO,10 Apr 2017,15.44,15.58,15.42,15.44,12437
ZFL.TO,10 Apr 2017,17.63,17.65,17.63,17.63,10068
ZFM.TO,10 Apr 2017,16.62,16.62,16.62,16.62,4384
ZFS.TO,10 Apr 2017,14.48,14.5,14.48,14.5,12334
ZGD.TO,10 Apr 2017,10.66,10.72,10.6,10.69,2230
ZGI.TO,10 Apr 2017,37.08,37.08,36.86,36.91,18313
ZGQ.TO,10 Apr 2017,26.85,26.85,26.8,26.8,6492
ZHP.TO,10 Apr 2017,25.39,25.39,25.39,25.39,0
ZHY.TO,10 Apr 2017,14.57,14.57,14.51,14.51,26479
ZIC.TO,10 Apr 2017,19.09,19.09,19.05,19.05,24695
ZIC.U.TO,10 Apr 2017,14.55,14.55,14.55,14.55,0
ZID.TO,10 Apr 2017,21.78,21.78,21.6,21.6,13502
ZIN.TO,10 Apr 2017,23.83,23.83,23.83,23.83,103
ZJG.TO,10 Apr 2017,8.98,9.07,8.9,9.05,43894
ZJN.TO,10 Apr 2017,17.4,17.4,17.4,17.4,111
ZJO.TO,10 Apr 2017,15.54,15.76,15.54,15.75,5899
ZLB.TO,10 Apr 2017,29.53,29.62,29.51,29.62,25769
ZLC.TO,10 Apr 2017,18.43,18.43,18.39,18.39,11762
ZLD.TO,10 Apr 2017,21.9,21.9,21.9,21.9,364
ZLE.TO,10 Apr 2017,21.91,21.91,21.91,21.91,0
ZLH.TO,10 Apr 2017,22.01,22.08,21.99,22.06,8426
ZLI.TO,10 Apr 2017,22.12,22.12,22.08,22.08,430
ZLU.TO,10 Apr 2017,30.76,30.88,30.76,30.82,9062
ZLU.U.TO,10 Apr 2017,23.66,23.66,23.66,23.66,0
ZMI.TO,10 Apr 2017,16.46,16.46,16.41,16.44,3686
ZMP.TO,10 Apr 2017,15.3,15.32,15.3,15.32,3059
ZMT.TO,10 Apr 2017,9.93,10.06,9.93,10.03,11080
ZMU.TO,10 Apr 2017,14.97,14.97,14.94,14.95,25316
ZPH.TO,10 Apr 2017,20.04,20.04,19.95,19.99,16418
ZPL.TO,10 Apr 2017,15.69,15.69,15.69,15.69,318
ZPR.TO,10 Apr 2017,11.59,11.64,11.58,11.58,361990
ZPS.TO,10 Apr 2017,13.86,13.88,13.86,13.88,1597
ZPW.TO,10 Apr 2017,19.24,19.24,19.19,19.2,20694
ZPW.U.TO,10 Apr 2017,19.05,19.05,19.05,19.05,0
ZQQ.TO,10 Apr 2017,41.59,41.63,41.43,41.49,12504
ZRE.TO,10 Apr 2017,20.2,20.24,20.16,20.21,25374
ZRR.TO,10 Apr 2017,17.42,17.42,17.38,17.42,2348
ZSP.TO,10 Apr 2017,34.7,34.79,34.58,34.59,208122
ZSP.U.TO,10 Apr 2017,26.05,26.09,25.98,26.05,1826
ZST.TO,10 Apr 2017,52.95,52.95,52.95,52.95,1282
ZST.L.TO,10 Apr 2017,50.14,50.14,50.14,50.14,0
ZSU.TO,10 Apr 2017,14.81,14.81,14.8,14.8,2315
ZUB.TO,10 Apr 2017,25.31,25.47,25.01,25.14,181004
ZUD.TO,10 Apr 2017,22.22,22.31,22.22,22.29,9811
ZUE.TO,10 Apr 2017,35.98,36.09,35.93,35.99,14667
ZUH.TO,10 Apr 2017,43.5,43.65,43.5,43.5,24788
ZUP.TO,10 Apr 2017,26.15,26.15,26.07,26.11,5475
ZUP.U.TO,10 Apr 2017,25.48,25.51,25.48,25.51,1000
ZUQ.TO,10 Apr 2017,28.56,28.56,28.56,28.56,105
ZUT.TO,10 Apr 2017,18.16,18.3,18.16,18.29,14538
ZWA.TO,10 Apr 2017,20.7,20.76,20.68,20.72,5487
ZWB.TO,10 Apr 2017,18.89,18.91,18.83,18.87,74047
ZWC.TO,10 Apr 2017,20.23,20.33,20.23,20.26,63400
ZWE.TO,10 Apr 2017,21.72,21.73,21.6,21.68,46321
ZWH.TO,10 Apr 2017,20.59,20.6,20.48,20.49,68450
ZWH.U.TO,10 Apr 2017,21.09,21.1,21.08,21.1,2375
ZWU.TO,10 Apr 2017,14.15,14.22,14.14,14.18,64932
ZXM.TO,10 Apr 2017,24.73,24.73,24.73,24.73,0
ZXM.B.TO,10 Apr 2017,26.72,26.72,26.72,26.72,100
ZZZ.TO,10 Apr 2017,34.48,34.96,33.79,34.21,216900
